"Run","RunId","ParameterHash","Status","KslLevel","KtpLevel","NetProfit","ROI","ProfitFactor","TotalTrades","WinningTrades","LosingTrades","MaxBalanceDrawdownPct","MaxEquityDrawdownPct","ArtifactDir"
"1","run_0001","C3BCF2553E0DC7D140247AFF142C28929482E84B1ADD09972CA707E3150DDF08","success","Fib0236","Fib0236","-1510.92","-15.11","0.68","73","33","40","19.592128602994425","23.446646345780437","C:\Users\Administrator\Documents\cAlgo\Sources\Robots\research\experiments\Combo_US30_h4_2025_KSL-KTP_20260902-052051\artifacts\run_0001"
"2","run_0002","620279EF1D4461AC116E5D16912ABC74C7D59163609573E92C54F325D6BA68C2","success","Fib0236","Fib0382","-2108.66","-21.09","0.61","73","23","50","27.126465782038974","30.6266717615591","C:\Users\Administrator\Documents\cAlgo\Sources\Robots\research\experiments\Combo_US30_h4_2025_KSL-KTP_20260902-052051\artifacts\run_0002"
"3","run_0003","BA6BDAC38DBF8F496C97477CFCFC75BFE34520A05947C5E42C8E4261F9F694C1","success","Fib0236","Fib0500","-1774.07","-17.74","0.69","73","21","52","22.612095388473545","26.32551045719153","C:\Users\Administrator\Documents\cAlgo\Sources\Robots\research\experiments\Combo_US30_h4_2025_KSL-KTP_20260902-052051\artifacts\run_0003"
"4","run_0004","CFC6CE56695A2D77A626340DAC3B1A658D9AEB29BB5F8C5A1E6B2C974E08077A","success","Fib0236","Fib0618","-2454.71","-24.55","0.59","73","16","57","28.009591912595976","31.496970338905676","C:\Users\Administrator\Documents\cAlgo\Sources\Robots\research\experiments\Combo_US30_h4_2025_KSL-KTP_20260902-052051\artifacts\run_0004"
"5","run_0005","86CA892B1750618949E705C08047D7FF1D6331E532B43D0731D5244A60780987","success","Fib0236","Fib0786","-2669.49","-26.69","0.56","73","13","60","29.572741198972523","32.22268102661573","C:\Users\Administrator\Documents\cAlgo\Sources\Robots\research\experiments\Combo_US30_h4_2025_KSL-KTP_20260902-052051\artifacts\run_0005"
"6","run_0006","92BF856350350D80C4AD780E50022BF917D5C64DABEC80BB8810AECC8E1A64A9","success","Fib0236","Fib1000","-2655.38","-26.55","0.59","73","11","62","30.98959165009368","33.83997083921383","C:\Users\Administrator\Documents\cAlgo\Sources\Robots\research\experiments\Combo_US30_h4_2025_KSL-KTP_20260902-052051\artifacts\run_0006"
"7","run_0007","21AC050D59981C79F23A6D948F921166A74CB1EEBE622CC6F4FCFE02ECEE1437","success","Fib0236","Fib1272","-3255.45","-32.55","0.51","73","8","65","35.443407513759276","37.6654356039601","C:\Users\Administrator\Documents\cAlgo\Sources\Robots\research\experiments\Combo_US30_h4_2025_KSL-KTP_20260902-052051\artifacts\run_0007"
"8","run_0008","3AE8ED1489B76201A6B7DB25947580013C4D3A6CA47EF49AF4679EF2886DC1AB","success","Fib0236","Fib1618","-3341.89","-33.42","0.49","73","7","66","38.10906000660974","40.308302168216905","C:\Users\Administrator\Documents\cAlgo\Sources\Robots\research\experiments\Combo_US30_h4_2025_KSL-KTP_20260902-052051\artifacts\run_0008"
"9","run_0009","ECCC25689516FA840DA8C13B9125BCC0490D8BE4570681571B970B5DB3954F80","success","Fib0236","Fib2000","-3267.76","-32.68","0.52","73","6","67","38.30766597902092","40.863401876679454","C:\Users\Administrator\Documents\cAlgo\Sources\Robots\research\experiments\Combo_US30_h4_2025_KSL-KTP_20260902-052051\artifacts\run_0009"
"10","run_0010","49725E143FBEBA79CB691BCD0C29C8EBDA294261D907D913BBCA43BD110F42B7","success","Fib0236","Fib2618","-2133.42","-21.33","0.67","73","6","67","25.35070000000003","30.832008400414857","C:\Users\Administrator\Documents\cAlgo\Sources\Robots\research\experiments\Combo_US30_h4_2025_KSL-KTP_20260902-052051\artifacts\run_0010"
"11","run_0011","8F0DBD5F1D28F9EEAB26BFE64C2DED21104BAC8AFA73171D03C6F1433664D733","success","Fib0382","Fib0236","-1102.25","-11.02","0.73","86","49","37","14.152344915278576","17.497547463789015","C:\Users\Administrator\Documents\cAlgo\Sources\Robots\research\experiments\Combo_US30_h4_2025_KSL-KTP_20260902-052051\artifacts\run_0011"
"12","run_0012","79123DE3BC2A6E9D98AE91A859DB2DEAAF5CAE67BB9E295BE65D0E13EAD433DD","success","Fib0382","Fib0382","-1873.09","-18.73","0.63","86","36","50","21.99291360577887","24.32722180895285","C:\Users\Administrator\Documents\cAlgo\Sources\Robots\research\experiments\Combo_US30_h4_2025_KSL-KTP_20260902-052051\artifacts\run_0012"
"13","run_0013","DE475098200970DD734E1FC873DB847CEDF90E1E2000E8245138828B0FC0390A","success","Fib0382","Fib0500","-1373.76","-13.74","0.74","86","34","52","17.342548730294283","20.581714919929603","C:\Users\Administrator\Documents\cAlgo\Sources\Robots\research\experiments\Combo_US30_h4_2025_KSL-KTP_20260902-052051\artifacts\run_0013"
"14","run_0014","3864A17FE360135F1B3CB03E3245CA587A97C0BB9168190B33E6B58F5AC61CCA","success","Fib0382","Fib0618","-1669.78","-16.7","0.71","86","29","57","22.010270261962752","24.367831092260726","C:\Users\Administrator\Documents\cAlgo\Sources\Robots\research\experiments\Combo_US30_h4_2025_KSL-KTP_20260902-052051\artifacts\run_0014"
"15","run_0015","1BFEAF5603E1391B7CFBB16A01840D7819FBE52B6E52761F67206C68A2ED7D4A","success","Fib0382","Fib0786","-1062.6","-10.63","0.82","86","27","59","21.00059428427969","23.56819871189039","C:\Users\Administrator\Documents\cAlgo\Sources\Robots\research\experiments\Combo_US30_h4_2025_KSL-KTP_20260902-052051\artifacts\run_0015"
"16","run_0016","C3D7CCF58BB31F1596185488B8011BFB7AC30317C0161BB535F0E1F13DCF68B2","success","Fib0382","Fib1000","-1155.72","-11.56","0.82","86","23","63","24.982324033204613","27.23716910795646","C:\Users\Administrator\Documents\cAlgo\Sources\Robots\research\experiments\Combo_US30_h4_2025_KSL-KTP_20260902-052051\artifacts\run_0016"
"17","run_0017","A3B33FCC6F732104D559BDAF16F622496DB9BC81120508CD2AEB807CAE4DAA94","success","Fib0382","Fib1272","-1741.83","-17.42","0.75","86","18","68","21.278104382792954","23.646244041971226","C:\Users\Administrator\Documents\cAlgo\Sources\Robots\research\experiments\Combo_US30_h4_2025_KSL-KTP_20260902-052051\artifacts\run_0017"
"18","run_0018","EFCD67DC6702F5909540FACB3E8F33D8DBB861B0BEC4957D28761BC676426EE5","success","Fib0382","Fib1618","-1503.75","-15.04","0.8","86","16","70","22.289686597690068","24.641457737435044","C:\Users\Administrator\Documents\cAlgo\Sources\Robots\research\experiments\Combo_US30_h4_2025_KSL-KTP_20260902-052051\artifacts\run_0018"
"19","run_0019","17DB9988EBB4C0CA375E6148233442C213F5906D43FEFDD1B36191156C88DCAD","success","Fib0382","Fib2000","-767.04","-7.67","0.9","86","15","71","17.503386999639392","20.69675707752993","C:\Users\Administrator\Documents\cAlgo\Sources\Robots\research\experiments\Combo_US30_h4_2025_KSL-KTP_20260902-052051\artifacts\run_0019"
"20","run_0020","94DED2D47EDC8457D3A59F9BE45E59760E75E4C188E20676BB2B61B390A72855","success","Fib0382","Fib2618","-1237.5","-12.38","0.83","86","12","74","17.300800000000034","21.476664292115753","C:\Users\Administrator\Documents\cAlgo\Sources\Robots\research\experiments\Combo_US30_h4_2025_KSL-KTP_20260902-052051\artifacts\run_0020"
"21","run_0021","103D68E417FD42AE0D0EBC9D3E6E4831B31E6718573A7D7B61C2830D6CF4CB1C","success","Fib0500","Fib0236","-523.63","-5.24","0.84","87","58","29","6.449682995855972","9.251163035039971","C:\Users\Administrator\Documents\cAlgo\Sources\Robots\research\experiments\Combo_US30_h4_2025_KSL-KTP_20260902-052051\artifacts\run_0021"
"22","run_0022","865848128AD8EAD189B386E7929CE9C60AC64B36C883814D0A6DED8E4B2E7531","success","Fib0500","Fib0382","-1488.64","-14.89","0.67","87","43","44","16.627317986031827","19.151532220960775","C:\Users\Administrator\Documents\cAlgo\Sources\Robots\research\experiments\Combo_US30_h4_2025_KSL-KTP_20260902-052051\artifacts\run_0022"
"23","run_0023","105DEEB545C9DB329B2628DAC19DEDF6EFF5E6CA8CCF89D33E945BD7E58EFB0A","success","Fib0500","Fib0500","-1163.84","-11.64","0.76","87","40","47","14.395112894297245","18.694385603364744","C:\Users\Administrator\Documents\cAlgo\Sources\Robots\research\experiments\Combo_US30_h4_2025_KSL-KTP_20260902-052051\artifacts\run_0023"
"24","run_0024","1E2EC0C3E753A2B02DE47EC1B255A0FA847C4254DD05C8EFFA9C861C3A947D19","success","Fib0500","Fib0618","-1383.44","-13.83","0.73","87","35","52","17.434885709842877","20.09906867843517","C:\Users\Administrator\Documents\cAlgo\Sources\Robots\research\experiments\Combo_US30_h4_2025_KSL-KTP_20260902-052051\artifacts\run_0024"
"25","run_0025","0CA67F5BF64BC356F24A2E34B81F713B925513F24F3CAFAFB7ED5714080026E0","success","Fib0500","Fib0786","-995.29","-9.95","0.82","87","32","55","16.59000270229339","19.049521771351955","C:\Users\Administrator\Documents\cAlgo\Sources\Robots\research\experiments\Combo_US30_h4_2025_KSL-KTP_20260902-052051\artifacts\run_0025"
"26","run_0026","7D8B65971D5247B9AD0F1B546B9041EC6E8EB31B41228CC5B2D448C13832F1F1","success","Fib0500","Fib1000","-1214.19","-12.14","0.8","87","27","60","20.833627748859648","22.666456927948055","C:\Users\Administrator\Documents\cAlgo\Sources\Robots\research\experiments\Combo_US30_h4_2025_KSL-KTP_20260902-052051\artifacts\run_0026"
"27","run_0027","817F12409A653F7A3C5848051C984437DA4948960A0284854E4A3242FA987A9B","success","Fib0500","Fib1272","-1309.74","-13.1","0.8","87","23","64","19.555381329741873","21.415809020177626","C:\Users\Administrator\Documents\cAlgo\Sources\Robots\research\experiments\Combo_US30_h4_2025_KSL-KTP_20260902-052051\artifacts\run_0027"
"28","run_0028","B1B4699458367830C14E07B6ACC6420BDFCFB31A11CCBBF80B3265BFDD0D7123","success","Fib0500","Fib1618","-1583.58","-15.84","0.76","87","19","68","24.196527273528442","26.440829366402102","C:\Users\Administrator\Documents\cAlgo\Sources\Robots\research\experiments\Combo_US30_h4_2025_KSL-KTP_20260902-052051\artifacts\run_0028"
"29","run_0029","3485A1EF638FD96455D582F963A19FC6DA017DE611ADA127B9E6D27133F81E06","success","Fib0500","Fib2000","-844.36","-8.44","0.88","87","18","69","21.313872885852547","23.65753915087896","C:\Users\Administrator\Documents\cAlgo\Sources\Robots\research\experiments\Combo_US30_h4_2025_KSL-KTP_20260902-052051\artifacts\run_0029"
"30","run_0030","46AF4A2EE50AB28ED65C817D454C264D2C561106BC3581CA25660C7A5EE79BAC","success","Fib0500","Fib2618","-1454.1","-14.54","0.79","87","14","73","18.49130000000002","21.549366637035096","C:\Users\Administrator\Documents\cAlgo\Sources\Robots\research\experiments\Combo_US30_h4_2025_KSL-KTP_20260902-052051\artifacts\run_0030"
"31","run_0031","1324D95955096967D4A1D38609A2A9C93D28114739D27D7E3FC9AEA781F7D465","success","Fib0618","Fib0236","-597.1","-5.97","0.8","87","61","26","6.802683057583603","8.760994732328843","C:\Users\Administrator\Documents\cAlgo\Sources\Robots\research\experiments\Combo_US30_h4_2025_KSL-KTP_20260902-052051\artifacts\run_0031"
"32","run_0032","9A01A3DC981FA4EFDE690A3EB8FCDED958534634B6D6EF22F0EE76B6DBAD16C1","success","Fib0618","Fib0382","-1301.5","-13.01","0.68","87","48","39","15.421409116012999","17.395988752857708","C:\Users\Administrator\Documents\cAlgo\Sources\Robots\research\experiments\Combo_US30_h4_2025_KSL-KTP_20260902-052051\artifacts\run_0032"
"33","run_0033","313E7F7A1816303FBB1FEC6E865BA6CC73838657E3449E1367E559002B56AF49","success","Fib0618","Fib0500","-1172.48","-11.72","0.73","87","44","43","14.907086977391948","17.99001237567476","C:\Users\Administrator\Documents\cAlgo\Sources\Robots\research\experiments\Combo_US30_h4_2025_KSL-KTP_20260902-052051\artifacts\run_0033"
"34","run_0034","668FA60259E8ACF6EB3FF3862727DABC098F0879DBC5353CFAF9586CC7AFDE3B","success","Fib0618","Fib0618","-1191.92","-11.92","0.75","87","40","47","15.707935140216136","17.585592443298726","C:\Users\Administrator\Documents\cAlgo\Sources\Robots\research\experiments\Combo_US30_h4_2025_KSL-KTP_20260902-052051\artifacts\run_0034"
"35","run_0035","55A1E37C211AC1118BD52FA7212CB79AC29B4A1C35B74801EF3811FCC5F93012","success","Fib0618","Fib0786","-807.93","-8.08","0.84","87","37","50","16.629509071664188","18.60235787605463","C:\Users\Administrator\Documents\cAlgo\Sources\Robots\research\experiments\Combo_US30_h4_2025_KSL-KTP_20260902-052051\artifacts\run_0035"
"36","run_0036","32744F24E10E9B802F411DD3114E09AD167D47CEA27AACD2B0AF2F9CE42C2BD1","success","Fib0618","Fib1000","-936.18","-9.36","0.83","87","32","55","19.708402394015646","21.217222138089202","C:\Users\Administrator\Documents\cAlgo\Sources\Robots\research\experiments\Combo_US30_h4_2025_KSL-KTP_20260902-052051\artifacts\run_0036"
"37","run_0037","4CE52AEDBB0EEE71D40EC5C7543826655991B909D59EF7B78BA30E4B339B5D86","success","Fib0618","Fib1272","-779.4","-7.79","0.87","86","28","58","17.934317747376358","19.481638560705473","C:\Users\Administrator\Documents\cAlgo\Sources\Robots\research\experiments\Combo_US30_h4_2025_KSL-KTP_20260902-052051\artifacts\run_0037"
"38","run_0038","DD15FFD11DF4490FB096758B4E13BDACE47B19040D126CFE5CA67FD6D1104C41","success","Fib0618","Fib1618","-852.43","-8.52","0.86","86","24","62","21.120475233238402","23.337118252224084","C:\Users\Administrator\Documents\cAlgo\Sources\Robots\research\experiments\Combo_US30_h4_2025_KSL-KTP_20260902-052051\artifacts\run_0038"
"39","run_0039","3DF97C3973CDDA061CF9294C5F929579ADDACA2AEB9F5E7019C2767A3C3C8F10","success","Fib0618","Fib2000","-328.69","-3.29","0.95","86","22","64","17.602340078053683","19.925779596444166","C:\Users\Administrator\Documents\cAlgo\Sources\Robots\research\experiments\Combo_US30_h4_2025_KSL-KTP_20260902-052051\artifacts\run_0039"
"40","run_0040","EE90EA1BE36BC5DB2216EA0C3A5349357D6E2980470451A26B5CC9D3714F6CA6","success","Fib0618","Fib2618","-383.09","-3.83","0.94","86","19","67","17.444999999999965","20.045442551819136","C:\Users\Administrator\Documents\cAlgo\Sources\Robots\research\experiments\Combo_US30_h4_2025_KSL-KTP_20260902-052051\artifacts\run_0040"
"41","run_0041","BCAECD0D4F1B67DA03D7B0D9252DDD5858562B98EDD6A67D7F1A77071615750F","success","Fib0786","Fib0236","-491.88","-4.92","0.8","87","65","22","6.959100000000016","8.685547161960052","C:\Users\Administrator\Documents\cAlgo\Sources\Robots\research\experiments\Combo_US30_h4_2025_KSL-KTP_20260902-052051\artifacts\run_0041"
"42","run_0042","634FF307D36F423D35EC875E61C38769CADD59FA1ED6B9DFA76259A8BDAF5714","success","Fib0786","Fib0382","-1221.62","-12.22","0.65","87","52","35","15.791181318025039","17.337289423996395","C:\Users\Administrator\Documents\cAlgo\Sources\Robots\research\experiments\Combo_US30_h4_2025_KSL-KTP_20260902-052051\artifacts\run_0042"
"43","run_0043","2285D2D6ECF818CC16E70C73926BC60809F83EC60C016509DD43D06C272C1800","success","Fib0786","Fib0500","-1001.14","-10.01","0.74","87","49","38","13.367765095346016","15.629777736990366","C:\Users\Administrator\Documents\cAlgo\Sources\Robots\research\experiments\Combo_US30_h4_2025_KSL-KTP_20260902-052051\artifacts\run_0043"
"44","run_0044","238C7AF6596189C60D9915032217321497D63BE199F7B87D985C4053CE2640E2","success","Fib0786","Fib0618","-1020.62","-10.21","0.76","87","45","42","15.16480116049658","16.419304810081815","C:\Users\Administrator\Documents\cAlgo\Sources\Robots\research\experiments\Combo_US30_h4_2025_KSL-KTP_20260902-052051\artifacts\run_0044"
"45","run_0045","1698DB38713E17BCD99E4D3A4C78C14B193D136F7ACD128837506419B6260530","success","Fib0786","Fib0786","-871.42","-8.71","0.81","87","41","46","16.661369838289808","17.888432080875976","C:\Users\Administrator\Documents\cAlgo\Sources\Robots\research\experiments\Combo_US30_h4_2025_KSL-KTP_20260902-052051\artifacts\run_0045"
"46","run_0046","26E659182C3C5ED960C61C01303341381183E3A24F97016CE213B2C51F3243FE","success","Fib0786","Fib1000","-1167.82","-11.68","0.77","87","35","52","21.993431567457968","23.14278441862808","C:\Users\Administrator\Documents\cAlgo\Sources\Robots\research\experiments\Combo_US30_h4_2025_KSL-KTP_20260902-052051\artifacts\run_0046"
"47","run_0047","C78EFDE130E6B353C016D70E7628DFBB4410EDF111159A2E2870060D1602B387","success","Fib0786","Fib1272","-1027.94","-10.28","0.81","86","31","55","20.933067418634348","22.104327743272204","C:\Users\Administrator\Documents\cAlgo\Sources\Robots\research\experiments\Combo_US30_h4_2025_KSL-KTP_20260902-052051\artifacts\run_0047"
"48","run_0048","C51A38D7D7D13C32F9D4655E3D6343C56A9483A71FB51DCDB280717A54B81827","success","Fib0786","Fib1618","-1029.03","-10.29","0.82","86","27","59","22.81039781539312","23.95654102245057","C:\Users\Administrator\Documents\cAlgo\Sources\Robots\research\experiments\Combo_US30_h4_2025_KSL-KTP_20260902-052051\artifacts\run_0048"
"49","run_0049","2EDA6285D24935182FBC0310CBBAF9F989A762AFB071F232E6D91F7350C74FAC","success","Fib0786","Fib2000","-860.01","-8.6","0.86","86","24","62","20.145682343761905","21.919357062294324","C:\Users\Administrator\Documents\cAlgo\Sources\Robots\research\experiments\Combo_US30_h4_2025_KSL-KTP_20260902-052051\artifacts\run_0049"
"50","run_0050","984E2CC666B78E36EAFF54272348E29829F7B40D72959B910F15226CAB634081","success","Fib0786","Fib2618","-737.94","-7.38","0.88","86","21","65","18.541846750235276","21.16114978182861","C:\Users\Administrator\Documents\cAlgo\Sources\Robots\research\experiments\Combo_US30_h4_2025_KSL-KTP_20260902-052051\artifacts\run_0050"
"51","run_0051","9FCB4223D6CE75956C93DD8566EDC96DC05BEBA14A81FAB461E70AE9091A7DA3","success","Fib1000","Fib0236","-459.19","-4.59","0.78","86","67","19","5.781299999999974","6.964353144410039","C:\Users\Administrator\Documents\cAlgo\Sources\Robots\research\experiments\Combo_US30_h4_2025_KSL-KTP_20260902-052051\artifacts\run_0051"
"52","run_0052","681B1645CB2A04C7879DB87602209E9008DFEA10C83B426D00EAEAF940E4421C","success","Fib1000","Fib0382","-1107.89","-11.08","0.64","86","55","31","12.992783949779188","14.245121939183422","C:\Users\Administrator\Documents\cAlgo\Sources\Robots\research\experiments\Combo_US30_h4_2025_KSL-KTP_20260902-052051\artifacts\run_0052"
"53","run_0053","7B340D1308AACB25064E6AB85487FAAAB188480AFF6ABB04A5E638FF4D7875FD","success","Fib1000","Fib0500","-956.12","-9.56","0.71","86","52","34","10.909785385184664","11.937869386069314","C:\Users\Administrator\Documents\cAlgo\Sources\Robots\research\experiments\Combo_US30_h4_2025_KSL-KTP_20260902-052051\artifacts\run_0053"
"54","run_0054","D07037880C9BE5FD98CF931BD35C0A257718DC4E03DCB1E0908F3694CB5BE494","success","Fib1000","Fib0618","-874.99","-8.75","0.76","86","49","37","11.227836602802805","12.248137937113466","C:\Users\Administrator\Documents\cAlgo\Sources\Robots\research\experiments\Combo_US30_h4_2025_KSL-KTP_20260902-052051\artifacts\run_0054"
"55","run_0055","D64165720BB757BB0C8BB254525E0004F1ACEDA570ED1219AA6599A1867B113E","success","Fib1000","Fib0786","-940.16","-9.4","0.77","86","44","42","14.002852306766131","15.008185254055109","C:\Users\Administrator\Documents\cAlgo\Sources\Robots\research\experiments\Combo_US30_h4_2025_KSL-KTP_20260902-052051\artifacts\run_0055"
"56","run_0056","5DF6EABD5BDC397B006EB69B62093A7BA83EFD71EA605155630100881CE57265","success","Fib1000","Fib1000","-1079.89","-10.8","0.76","86","39","47","17.246848028784438","18.20944929280779","C:\Users\Administrator\Documents\cAlgo\Sources\Robots\research\experiments\Combo_US30_h4_2025_KSL-KTP_20260902-052051\artifacts\run_0056"
"57","run_0057","1EE7334BE79483669D388BA26C5E65469B35AAFBF92BEBA2486FFB18B7A58538","success","Fib1000","Fib1272","-1087.66","-10.88","0.78","85","34","51","17.049578196735084","18.013520370582594","C:\Users\Administrator\Documents\cAlgo\Sources\Robots\research\experiments\Combo_US30_h4_2025_KSL-KTP_20260902-052051\artifacts\run_0057"
"58","run_0058","FF09F943B67D39013ADC04C6C5FF0D3B4B014A5E748284219DF188173E3A30D5","success","Fib1000","Fib1618","-1311.45","-13.11","0.75","85","29","56","20.23624740460258","21.171781244642546","C:\Users\Administrator\Documents\cAlgo\Sources\Robots\research\experiments\Combo_US30_h4_2025_KSL-KTP_20260902-052051\artifacts\run_0058"
"59","run_0059","A3434ABF6F4818309CE4205F15F752F8DFC271BE3212157978C546961C27BAAB","success","Fib1000","Fib2000","-1278.47","-12.78","0.77","85","26","59","19.740749146097013","21.062371377475912","C:\Users\Administrator\Documents\cAlgo\Sources\Robots\research\experiments\Combo_US30_h4_2025_KSL-KTP_20260902-052051\artifacts\run_0059"
"60","run_0060","B6D1B86EDD785A9FDDF0014414B64408DEDD9A05F9AE11D14529BEDA4B24661E","success","Fib1000","Fib2618","-1212.25","-12.12","0.78","85","23","62","17.696924156886823","20.19235217914318","C:\Users\Administrator\Documents\cAlgo\Sources\Robots\research\experiments\Combo_US30_h4_2025_KSL-KTP_20260902-052051\artifacts\run_0060"
"61","run_0061","5145A11C63FD26E749447247F5D76DF020397C5A62AFE9081BE16CE01BA963B2","success","Fib1272","Fib0236","-229.58","-2.3","0.85","85","70","15","4.547400000000016","5.269119444521887","C:\Users\Administrator\Documents\cAlgo\Sources\Robots\research\experiments\Combo_US30_h4_2025_KSL-KTP_20260902-052051\artifacts\run_0061"
"62","run_0062","2ECE642709B586E7774BB5230C2CC56EA52A6BA49EDA75D3D458FFB6AF61CC3F","success","Fib1272","Fib0382","-585.79","-5.86","0.75","85","61","24","8.379299999999985","9.324781491512626","C:\Users\Administrator\Documents\cAlgo\Sources\Robots\research\experiments\Combo_US30_h4_2025_KSL-KTP_20260902-052051\artifacts\run_0062"
"63","run_0063","52FD7D93444A1D9D37204C675689E2C59A45D1A721C3CA638D95DD4C38554CB2","success","Fib1272","Fib0500","-367.25","-3.67","0.86","85","59","26","6.043832082832538","7.45834846121051","C:\Users\Administrator\Documents\cAlgo\Sources\Robots\research\experiments\Combo_US30_h4_2025_KSL-KTP_20260902-052051\artifacts\run_0063"
"64","run_0064","36E1DDA3730BCC46F8176BF97181C0F15B7D2E1A9A38ADEB6D66BD0399AEC7F5","success","Fib1272","Fib0618","-345.43","-3.45","0.88","84","55","29","6.3809971104017995","7.696343184308136","C:\Users\Administrator\Documents\cAlgo\Sources\Robots\research\experiments\Combo_US30_h4_2025_KSL-KTP_20260902-052051\artifacts\run_0064"
"65","run_0065","D185CCD0F53C9DC6587589202D8978A571687E001E9286809F39B40B7D3D2D98","success","Fib1272","Fib0786","-277.01","-2.77","0.91","84","51","33","8.568109005364738","10.034789551728037","C:\Users\Administrator\Documents\cAlgo\Sources\Robots\research\experiments\Combo_US30_h4_2025_KSL-KTP_20260902-052051\artifacts\run_0065"
"66","run_0066","C03796AEE43BE20B6CCAC524B44E639902A64CDE6F78C08D32AD1E561C41BB91","success","Fib1272","Fib1000","-513.91","-5.14","0.86","84","45","39","11.876009902604624","12.772417846123723","C:\Users\Administrator\Documents\cAlgo\Sources\Robots\research\experiments\Combo_US30_h4_2025_KSL-KTP_20260902-052051\artifacts\run_0066"
"67","run_0067","5CBEE7894CF33C351C9F9DED1B2E5CB4ED4C3E35135E32E1D3F73979D84D97B0","success","Fib1272","Fib1272","-554.89","-5.55","0.86","82","39","43","11.996064546156116","12.792923606049042","C:\Users\Administrator\Documents\cAlgo\Sources\Robots\research\experiments\Combo_US30_h4_2025_KSL-KTP_20260902-052051\artifacts\run_0067"
"68","run_0068","6036A0327EB4A344103DE781561F98711451D939955900638DAA343910B946DD","success","Fib1272","Fib1618","-888.56","-8.89","0.8","82","33","49","16.19005226524956","17.273681091322914","C:\Users\Administrator\Documents\cAlgo\Sources\Robots\research\experiments\Combo_US30_h4_2025_KSL-KTP_20260902-052051\artifacts\run_0068"
"69","run_0069","E1EC4745F28E7473E6BB900553C1F72417EA7BADE4CD32A737F7854CE9356830","success","Fib1272","Fib2000","-703.95","-7.04","0.85","81","30","51","15.640539877679663","16.628691567231154","C:\Users\Administrator\Documents\cAlgo\Sources\Robots\research\experiments\Combo_US30_h4_2025_KSL-KTP_20260902-052051\artifacts\run_0069"
"70","run_0070","50CCCFCF446D51C0DEE79B5A592C1DFF6248CB0F79AEE39FEBF9C835EF923151","success","Fib1272","Fib2618","-288.84","-2.89","0.94","80","28","52","10.01437579541268","11.981335275627991","C:\Users\Administrator\Documents\cAlgo\Sources\Robots\research\experiments\Combo_US30_h4_2025_KSL-KTP_20260902-052051\artifacts\run_0070"
"71","run_0071","DD684CBD6BC0903250F8980BC0AF7ACF3F9C1B82D411BE81E5C70D1B31285F7E","success","Fib1618","Fib0236","20.98","0.21","1.02","85","74","11","2.1073999999999615","3.1055987457371517","C:\Users\Administrator\Documents\cAlgo\Sources\Robots\research\experiments\Combo_US30_h4_2025_KSL-KTP_20260902-052051\artifacts\run_0071"
"72","run_0072","53F24C97D1A31E0D010578D6D960E2CFE7B642325B5B66834AC4FC2ED44599C8","success","Fib1618","Fib0382","-400.85","-4.01","0.79","85","65","20","6.242600000000021","6.7890862259071385","C:\Users\Administrator\Documents\cAlgo\Sources\Robots\research\experiments\Combo_US30_h4_2025_KSL-KTP_20260902-052051\artifacts\run_0072"
"73","run_0073","0C20FA80099B0CAF3FFCFEAA5105768EFB305E6A733376B8403E730EF512180B","success","Fib1618","Fib0500","-131.64","-1.32","0.93","85","64","21","4.473400000000038","5.177920841474308","C:\Users\Administrator\Documents\cAlgo\Sources\Robots\research\experiments\Combo_US30_h4_2025_KSL-KTP_20260902-052051\artifacts\run_0073"
"74","run_0074","29F9DAC9E60228D9B72F8E9C5C6E543B10358379AB90F57248A7E0E7BBC5014F","success","Fib1618","Fib0618","76.06","0.76","1.04","84","61","23","3.4695487220446948","4.62076533935276","C:\Users\Administrator\Documents\cAlgo\Sources\Robots\research\experiments\Combo_US30_h4_2025_KSL-KTP_20260902-052051\artifacts\run_0074"
"75","run_0075","3E622EC9399646F544ADA26799514B2C4EC36191D8E32773036CA2F74DA311A2","success","Fib1618","Fib0786","190.48","1.9","1.08","84","57","27","6.741517070454416","7.867077877503226","C:\Users\Administrator\Documents\cAlgo\Sources\Robots\research\experiments\Combo_US30_h4_2025_KSL-KTP_20260902-052051\artifacts\run_0075"
"76","run_0076","117B172C0C9D347C001F95DEB8AAA08C469C4D2C3ACC346337A13E976852AE9F","success","Fib1618","Fib1000","105.25","1.05","1.04","84","52","32","6.369434974443388","7.421187050714403","C:\Users\Administrator\Documents\cAlgo\Sources\Robots\research\experiments\Combo_US30_h4_2025_KSL-KTP_20260902-052051\artifacts\run_0076"
"77","run_0077","A98C3FBD81E2FD9D68020FCDF7326BB1C7D1B4C939DAC38DC22BF6AFBF8A3F08","success","Fib1618","Fib1272","-23.45","-0.23","0.99","82","45","37","7.2778397476240695","7.941271694447972","C:\Users\Administrator\Documents\cAlgo\Sources\Robots\research\experiments\Combo_US30_h4_2025_KSL-KTP_20260902-052051\artifacts\run_0077"
"78","run_0078","E96A784953DE5A5306134E7949911BF79B873DE86E5B59E58B33DC42C92557D2","success","Fib1618","Fib1618","-473.91","-4.74","0.88","82","38","44","13.16637957687375","14.086614280673723","C:\Users\Administrator\Documents\cAlgo\Sources\Robots\research\experiments\Combo_US30_h4_2025_KSL-KTP_20260902-052051\artifacts\run_0078"
"79","run_0079","B86015FE31598108E68F9D3FF4ABFA70ABB2050720C746E13B4257B5271A77AA","success","Fib1618","Fib2000","-213.39","-2.13","0.95","81","35","46","11.890948843749971","12.711826661838371","C:\Users\Administrator\Documents\cAlgo\Sources\Robots\research\experiments\Combo_US30_h4_2025_KSL-KTP_20260902-052051\artifacts\run_0079"
"80","run_0080","E85357BA639AABB9660529247895E9B09CB0E9FF70AD570997CD77667DCAB770","success","Fib1618","Fib2618","169.96","1.7","1.04","80","32","48","7.361779794790866","7.943172712847021","C:\Users\Administrator\Documents\cAlgo\Sources\Robots\research\experiments\Combo_US30_h4_2025_KSL-KTP_20260902-052051\artifacts\run_0080"
"81","run_0081","B0E76165E8EA614C852250327D0C3C4E0E72274FFD186BDD56A6AB0C03E98116","success","Fib2000","Fib0236","205.74","2.06","1.29","85","76","9","1.6343000000000028","2.4800034364021073","C:\Users\Administrator\Documents\cAlgo\Sources\Robots\research\experiments\Combo_US30_h4_2025_KSL-KTP_20260902-052051\artifacts\run_0081"
"82","run_0082","A64439A52D341097D67BF88ABB825093FE260052ABB05CB4F98A2FFE7ADC31C4","success","Fib2000","Fib0382","-117.09","-1.17","0.91","83","66","17","4.041300000000046","4.486653581258363","C:\Users\Administrator\Documents\cAlgo\Sources\Robots\research\experiments\Combo_US30_h4_2025_KSL-KTP_20260902-052051\artifacts\run_0082"
"83","run_0083","F6942E5D4911688180E2E7BAE6ED9FBFD67AAC5A713AAE880662143803161B4D","success","Fib2000","Fib0500","119.7","1.2","1.08","83","65","18","3.8123000000000324","4.670517470410052","C:\Users\Administrator\Documents\cAlgo\Sources\Robots\research\experiments\Combo_US30_h4_2025_KSL-KTP_20260902-052051\artifacts\run_0083"
"84","run_0084","3594F9861B9B8AAF8CA00943E2BE2540388D4F7D47F23E741650173450477445","success","Fib2000","Fib0618","299.78","3","1.2","82","62","20","3.325607104801434","4.2487375931599365","C:\Users\Administrator\Documents\cAlgo\Sources\Robots\research\experiments\Combo_US30_h4_2025_KSL-KTP_20260902-052051\artifacts\run_0084"
"85","run_0085","ED70C8DB3E6BA248B2955D04FBCECF1EAF3D4251A3489E46B046C8D24979DAF1","success","Fib2000","Fib0786","290.93","2.91","1.16","82","57","25","6.3728197225273915","7.27718238155848","C:\Users\Administrator\Documents\cAlgo\Sources\Robots\research\experiments\Combo_US30_h4_2025_KSL-KTP_20260902-052051\artifacts\run_0085"
"86","run_0086","735B587D01748F3FCB5F60F576D21DFCF1A0BEC1279459D97B2F26ACA6AF7BE7","success","Fib2000","Fib1000","172.26","1.72","1.08","82","52","30","6.049057050273112","7.1618905239469965","C:\Users\Administrator\Documents\cAlgo\Sources\Robots\research\experiments\Combo_US30_h4_2025_KSL-KTP_20260902-052051\artifacts\run_0086"
"87","run_0087","A4CEE5B5D6EC7EEFC4B244C2664E1A99003BEB84153B6FAEFDEEB0D1BB97E1A9","success","Fib2000","Fib1272","10.01","0.1","1","80","45","35","5.958886750461396","6.624319955264289","C:\Users\Administrator\Documents\cAlgo\Sources\Robots\research\experiments\Combo_US30_h4_2025_KSL-KTP_20260902-052051\artifacts\run_0087"
"88","run_0088","57C22FBEFC21EEC672031E7E6F6131F7A534CE81569C341E25E91FB43788534A","success","Fib2000","Fib1618","-333.97","-3.34","0.89","79","38","41","10.2696601991946","11.263315280983162","C:\Users\Administrator\Documents\cAlgo\Sources\Robots\research\experiments\Combo_US30_h4_2025_KSL-KTP_20260902-052051\artifacts\run_0088"
"89","run_0089","1F2A3A70A397F7C098C130CC3EF8B6E418770943F2CD4E9BEFC06B59223FD01B","success","Fib2000","Fib2000","-111.67","-1.12","0.97","78","35","43","9.069391745800392","9.907260668529725","C:\Users\Administrator\Documents\cAlgo\Sources\Robots\research\experiments\Combo_US30_h4_2025_KSL-KTP_20260902-052051\artifacts\run_0089"
"90","run_0090","6E408B71A39D09848D27CE1BCF836692CA448A796D36D6B5F011EA12633ACD03","success","Fib2000","Fib2618","169.2","1.69","1.05","77","32","45","5.450503638848851","6.314466396951966","C:\Users\Administrator\Documents\cAlgo\Sources\Robots\research\experiments\Combo_US30_h4_2025_KSL-KTP_20260902-052051\artifacts\run_0090"
"91","run_0091","FAA8E38DA4B1234FFC2EE765A87C478194A3311FBA72531BE1D964F07DC54C44","success","Fib2618","Fib0236","171.9","1.72","1.36","84","75","9","1.259300000000003","1.9290400952632163","C:\Users\Administrator\Documents\cAlgo\Sources\Robots\research\experiments\Combo_US30_h4_2025_KSL-KTP_20260902-052051\artifacts\run_0091"
"92","run_0092","4DAB86DD3357EE246064C46628EC47520D981D5C32296886460779F85FBE7AAC","success","Fib2618","Fib0382","-36.96","-0.37","0.96","81","65","16","3.401899999999969","3.7655343001336217","C:\Users\Administrator\Documents\cAlgo\Sources\Robots\research\experiments\Combo_US30_h4_2025_KSL-KTP_20260902-052051\artifacts\run_0092"
"93","run_0093","9F73ACCB07B13B093C5BCBA938C62C6A0A03DC29964041BB1F72DCB422CEED3A","success","Fib2618","Fib0500","124.5","1.25","1.12","81","64","17","3.3717999999999666","4.049839892830274","C:\Users\Administrator\Documents\cAlgo\Sources\Robots\research\experiments\Combo_US30_h4_2025_KSL-KTP_20260902-052051\artifacts\run_0093"
"94","run_0094","897CC66F08C0860BF689201293B7EED5D2BCB213EBED90976A6509D0ED54F7B0","success","Fib2618","Fib0618","195.81","1.96","1.18","78","59","19","3.114365195503094","3.8318946656589326","C:\Users\Administrator\Documents\cAlgo\Sources\Robots\research\experiments\Combo_US30_h4_2025_KSL-KTP_20260902-052051\artifacts\run_0094"
"95","run_0095","F8400417541DE9C9D24C70C07C047FDC298FB8EF82C909815A4F3578FFCEBDBE","success","Fib2618","Fib0786","407.67","4.08","1.34","78","56","22","3.440062241905534","4.15515931536844","C:\Users\Administrator\Documents\cAlgo\Sources\Robots\research\experiments\Combo_US30_h4_2025_KSL-KTP_20260902-052051\artifacts\run_0095"
"96","run_0096","30E43E9D68A884C01E25F4DA3D602987B7BB7E714FA74AB3AA1642BEF740634A","success","Fib2618","Fib1000","113.13","1.13","1.07","78","50","28","4.257966888010618","4.968108673350578","C:\Users\Administrator\Documents\cAlgo\Sources\Robots\research\experiments\Combo_US30_h4_2025_KSL-KTP_20260902-052051\artifacts\run_0096"
"97","run_0097","FFAD64ABEB4C5D92512DA033E125FBEB55E3D4C4E4803EF05E2B373AD7D0049F","success","Fib2618","Fib1272","-2.52","-0.03","1","77","44","33","4.53147530473975","5.055785662906751","C:\Users\Administrator\Documents\cAlgo\Sources\Robots\research\experiments\Combo_US30_h4_2025_KSL-KTP_20260902-052051\artifacts\run_0097"
"98","run_0098","184A8520F781D2AECED3073DCA65EC84AF5A8D36F6DFA1DAA0C55548E7F490DB","success","Fib2618","Fib1618","-275.14","-2.75","0.89","76","37","39","8.528184613742244","9.29500617068894","C:\Users\Administrator\Documents\cAlgo\Sources\Robots\research\experiments\Combo_US30_h4_2025_KSL-KTP_20260902-052051\artifacts\run_0098"
"99","run_0099","6D1E07E91201CBCD532098BDB8E6D836161C38F7CE4B0C0C42878922554C9111","success","Fib2618","Fib2000","-150.77","-1.51","0.94","75","34","41","8.029441416464575","8.664816588360246","C:\Users\Administrator\Documents\cAlgo\Sources\Robots\research\experiments\Combo_US30_h4_2025_KSL-KTP_20260902-052051\artifacts\run_0099"
"100","run_0100","B338BEA9A12360205C5917334F517010FD47371986FCEEEDA563E1180B871F99","success","Fib2618","Fib2618","-110.07","-1.1","0.96","75","31","44","5.750895730855706","6.564457561016164","C:\Users\Administrator\Documents\cAlgo\Sources\Robots\research\experiments\Combo_US30_h4_2025_KSL-KTP_20260902-052051\artifacts\run_0100"
