strategy,symbol,timeframe,ksl_code,ktp_code
combo,US30,H1,KSL1618,KTP2618
combo,US30,H2,KSL1618,KTP2618
combo,US30,H3,KSL1618,KTP2618
combo,US30,H4,KSL1618,KTP2618
combo,US500,H1,KSL1618,KTP2618
combo,US500,H2,KSL1618,KTP2618
combo,US500,H3,KSL1618,KTP2618
combo,US500,H4,KSL1618,KTP2618
combo,US100,H1,KSL1618,KTP2618
combo,US100,H2,KSL1618,KTP2618
combo,US100,H3,KSL1618,KTP2618
combo,US100,H4,KSL1618,KTP2618
combo,DE40,H1,KSL1618,KTP2618
combo,DE40,H2,KSL1618,KTP2618
combo,DE40,H3,KSL1618,KTP2618
combo,DE40,H4,KSL1618,KTP2618
combo,UK100,H1,KSL1618,KTP2618
combo,UK100,H2,KSL1618,KTP2618
combo,UK100,H3,KSL1618,KTP2618
combo,UK100,H4,KSL1618,KTP2618
combo,FR40,H1,KSL1618,KTP2618
combo,FR40,H2,KSL1618,KTP2618
combo,FR40,H3,KSL1618,KTP2618
combo,FR40,H4,KSL1618,KTP2618
combo,SP35,H1,KSL1618,KTP2618
combo,SP35,H2,KSL1618,KTP2618
combo,SP35,H3,KSL1618,KTP2618
combo,SP35,H4,KSL1618,KTP2618
combo,HK50,H1,KSL1618,KTP2618
combo,HK50,H2,KSL1618,KTP2618
combo,HK50,H3,KSL1618,KTP2618
combo,HK50,H4,KSL1618,KTP2618
combo,J225,H1,KSL1618,KTP2618
combo,J225,H2,KSL1618,KTP2618
combo,J225,H3,KSL1618,KTP2618
combo,J225,H4,KSL1618,KTP2618
combo,GOLD,H1,KSL1618,KTP2618
combo,GOLD,H2,KSL1618,KTP2618
combo,GOLD,H3,KSL1618,KTP2618
combo,GOLD,H4,KSL1618,KTP2618
combo,BTCUSD,H1,KSL1618,KTP2618
combo,BTCUSD,H2,KSL1618,KTP2618
combo,BTCUSD,H3,KSL1618,KTP2618
combo,BTCUSD,H4,KSL1618,KTP2618
ma_cross,US30,M10,KSL1618,KTP2618
ma_cross,US30,M20,KSL1618,KTP2618
ma_cross,US30,M30,KSL1618,KTP2618
ma_cross,US30,M45,KSL1618,KTP2618
ma_cross,US500,M10,KSL1618,KTP2618
ma_cross,US500,M20,KSL1618,KTP2618
ma_cross,US500,M30,KSL1618,KTP2618
ma_cross,US500,M45,KSL1618,KTP2618
ma_cross,US100,M10,KSL1618,KTP2618
ma_cross,US100,M20,KSL1618,KTP2618
ma_cross,US100,M30,KSL1618,KTP2618
ma_cross,US100,M45,KSL1618,KTP2618
ma_cross,DE40,M10,KSL1618,KTP2618
ma_cross,DE40,M20,KSL1618,KTP2618
ma_cross,DE40,M30,KSL1618,KTP2618
ma_cross,DE40,M45,KSL1618,KTP2618
ma_cross,UK100,M10,KSL1618,KTP2618
ma_cross,UK100,M20,KSL1618,KTP2618
ma_cross,UK100,M30,KSL1618,KTP2618
ma_cross,UK100,M45,KSL1618,KTP2618
ma_cross,FR40,M10,KSL1618,KTP2618
ma_cross,FR40,M20,KSL1618,KTP2618
ma_cross,FR40,M30,KSL1618,KTP2618
ma_cross,FR40,M45,KSL1618,KTP2618
ma_cross,SP35,M10,KSL1618,KTP2618
ma_cross,SP35,M20,KSL1618,KTP2618
ma_cross,SP35,M30,KSL1618,KTP2618
ma_cross,SP35,M45,KSL1618,KTP2618
ma_cross,HK50,M10,KSL1618,KTP2618
ma_cross,HK50,M20,KSL1618,KTP2618
ma_cross,HK50,M30,KSL1618,KTP2618
ma_cross,HK50,M45,KSL1618,KTP2618
ma_cross,J225,M10,KSL1618,KTP2618
ma_cross,J225,M20,KSL1618,KTP2618
ma_cross,J225,M30,KSL1618,KTP2618
ma_cross,J225,M45,KSL1618,KTP2618
ma_cross,GOLD,M10,KSL1618,KTP2618
ma_cross,GOLD,M20,KSL1618,KTP2618
ma_cross,GOLD,M30,KSL1618,KTP2618
ma_cross,GOLD,M45,KSL1618,KTP2618
ma_cross,BTCUSD,M10,KSL1618,KTP2618
ma_cross,BTCUSD,M20,KSL1618,KTP2618
ma_cross,BTCUSD,M30,KSL1618,KTP2618
ma_cross,BTCUSD,M45,KSL1618,KTP2618
