bartime,side,atr
2017-05-04 01:00,BUY,4.19211485846581
2017-05-04 13:00,SELL,5.797562807534492
2017-05-04 17:00,BUY,6.078050246027558
2017-05-04 21:00,SELL,5.342440196821974
2017-05-05 09:00,BUY,5.76972938077291
2017-05-10 05:00,SELL,5.030565476617386
2017-05-15 10:00,BUY,6.364646621113092
2017-05-17 09:00,SELL,8.02200084726085
2017-05-19 13:00,BUY,12.481945850933467
2017-05-31 13:00,SELL,6.275554255202017
2017-06-01 13:00,BUY,6.850147022930647
2017-06-07 13:00,SELL,6.307371712190077
2017-06-08 13:00,BUY,6.807499453313179
2017-06-09 17:00,SELL,10.635097420861554
2017-06-13 05:00,BUY,8.894956722867924
2017-06-15 05:00,SELL,8.871460882001582
2017-06-16 17:00,BUY,8.78338579316111
2017-06-20 17:00,SELL,7.03044779863197
2017-06-26 06:00,BUY,7.870944166852587
2017-06-27 05:00,SELL,7.679618730742794
2017-06-28 13:00,BUY,9.783796372551915
2017-06-29 13:00,SELL,11.715122994197305
2017-07-03 10:00,BUY,9.677087681752752
2017-07-05 05:00,SELL,6.659382473245407
2017-07-05 09:00,BUY,6.427505978596326
2017-07-06 05:00,SELL,5.678946448833099
2017-07-10 14:00,BUY,7.32955239846137
2017-07-11 13:00,SELL,6.850184662409754
2017-07-11 17:00,BUY,7.280147729927804
2017-07-27 13:00,SELL,5.855184571099012
2017-08-01 05:00,BUY,6.778270394042837
2017-08-02 13:00,SELL,6.361759714176057
2017-08-04 09:00,BUY,5.284071310810297
2017-08-08 17:00,SELL,7.932589369221584
2017-08-14 14:00,BUY,10.060655460740211
2017-08-17 13:00,SELL,9.67967381899845
2017-08-22 13:00,BUY,10.719367981346316
2017-08-28 14:00,SELL,7.918918588487792
2017-08-29 17:00,BUY,10.861271243075677
2017-09-05 13:00,SELL,8.770069248879157
2017-09-07 09:00,BUY,7.3580827465425145
2017-09-07 13:00,SELL,7.686466197234012
2017-09-11 06:00,BUY,8.411677794807725
2017-09-14 09:00,SELL,4.046580080361978
2017-09-15 17:00,BUY,4.5566634806953275
2017-09-21 05:00,SELL,3.7214664882130744
2017-09-26 09:00,BUY,4.6678146733613
2017-10-09 18:00,SELL,4.278016474348841
2017-10-10 21:00,BUY,4.158765080521394
2017-10-11 05:00,SELL,3.609609651533685
2017-10-11 17:00,BUY,3.900120141585276
2017-10-19 05:00,SELL,5.505557265000352
2017-10-19 17:00,BUY,6.428445319680187
2017-10-23 18:00,SELL,5.508533824194332
2017-10-27 01:00,BUY,5.848477079829854
2017-11-01 21:00,SELL,7.015484943603731
2017-11-02 17:00,BUY,7.421970106320124
2017-11-09 10:00,SELL,6.8137290928057475
2017-11-13 15:00,BUY,6.6007314275711835
2017-11-14 02:00,SELL,5.616374490916391
2017-11-16 14:00,BUY,7.830948842525467
2017-11-19 23:00,SELL,6.441852066160152
2017-11-20 11:00,BUY,6.154228257873948
2017-12-04 19:00,SELL,13.017481305697455
2017-12-07 14:00,BUY,7.964833086660578
2017-12-14 14:00,SELL,5.7189636906306465
2017-12-15 14:00,BUY,7.8734576177166575
2017-12-20 14:00,SELL,6.68259390157513
2017-12-21 14:00,BUY,6.0163586957345805
2017-12-22 14:00,SELL,4.870982733934608
2017-12-28 10:00,BUY,3.0111024782436657
2017-12-28 14:00,SELL,3.468881982594878
2017-12-28 22:00,BUY,3.288084468860715
2017-12-29 14:00,SELL,5.386479398445392
2018-01-02 14:00,BUY,7.408833255426119
2018-01-10 10:00,SELL,6.388308453077704
2018-01-11 14:00,BUY,7.2561183448989315
2018-01-16 18:00,SELL,10.830170021305598
2018-01-17 14:00,BUY,10.378014112581475
2018-01-19 02:00,SELL,8.025564585742613
2018-01-19 18:00,BUY,9.072071254320125
2018-01-29 22:00,SELL,9.993942209210593
2018-02-07 14:00,BUY,41.68725745044782
2018-02-08 14:00,SELL,38.396954017090174
2018-02-12 07:00,BUY,37.566302397995386
2018-02-19 22:00,SELL,12.874866276711627
2018-02-21 14:00,BUY,15.934589397091246
2018-02-21 18:00,SELL,22.247671517672998
2018-02-22 14:00,BUY,17.906277002911054
2018-02-27 18:00,SELL,17.929686080890512
2018-03-05 15:00,BUY,26.027231104675963
2018-03-07 02:00,SELL,20.517422833000644
2018-03-07 18:00,BUY,21.91193639239699
2018-03-13 17:00,SELL,16.281278376239076
2018-03-21 13:00,BUY,11.342887443400372
2018-03-22 05:00,SELL,15.430846696816694
2018-03-26 18:00,BUY,27.930528214617595
2018-03-27 17:00,SELL,30.48247318829278
2018-03-29 13:00,BUY,20.802377191906334
2018-04-02 14:00,SELL,25.332738366595123
2018-04-03 17:00,BUY,23.849899333098158
2018-04-04 09:00,SELL,21.77835876683715
2018-04-04 13:00,BUY,27.022687013469724
2018-04-06 17:00,SELL,29.488711951975624
2018-04-09 14:00,BUY,22.97866913242333
2018-04-09 18:00,SELL,26.922935305938722
2018-04-10 01:00,BUY,26.642678595800824
2018-04-11 09:00,SELL,15.818990296203358
2018-04-11 21:00,BUY,16.30412303165619
2018-04-19 13:00,SELL,9.92189155736466
2018-04-24 05:00,BUY,11.567638290991239
2018-04-24 13:00,SELL,17.443288506234396
2018-04-26 09:00,BUY,13.296559109219388
2018-04-30 18:00,SELL,13.813066477099998
2018-05-04 13:00,BUY,19.78117678941915
2018-05-15 09:00,SELL,8.929348616703425
2018-05-16 13:00,BUY,10.868937571021725
2018-05-18 09:00,SELL,9.760059849316042
2018-05-21 10:00,BUY,9.105952329139047
2018-05-22 17:00,SELL,8.379629803116632
2018-05-23 17:00,BUY,11.816791275108155
2018-05-25 09:00,SELL,10.61277249823622
2018-05-28 02:00,BUY,8.911791615277592
2018-05-28 10:00,SELL,8.319546633777646
2018-05-30 13:00,BUY,15.31624626830124
2018-05-31 17:00,SELL,11.681424369405967
2018-06-01 09:00,BUY,9.140391421708692
2018-06-08 05:00,SELL,9.395725184968349
2018-06-08 17:00,BUY,10.03141129470379
2018-06-13 17:00,SELL,7.594806951296009
2018-06-14 17:00,BUY,8.644961873440526
2018-06-14 21:00,SELL,7.775969498752366
2018-06-20 05:00,BUY,11.389318180494056
2018-06-21 09:00,SELL,10.363760500085961
2018-06-22 05:00,BUY,9.806877040668152
2018-06-24 22:00,SELL,10.851456835857789
2018-06-28 17:00,BUY,17.4675549158464
2018-07-02 02:00,SELL,16.443289290150094
2018-07-02 18:00,BUY,14.507011293245405
2018-07-03 17:00,SELL,13.091277968456534
2018-07-04 13:00,BUY,8.083285964703746
2018-07-04 21:00,SELL,7.866628771762998
2018-07-05 05:00,BUY,9.294642413928264
2018-07-11 13:00,SELL,11.58323258069992
2018-07-12 09:00,BUY,9.326953652043738
2018-07-17 05:00,SELL,6.887156112383889
2018-07-17 13:00,BUY,9.93577991192572
2018-07-19 09:00,SELL,5.922489434679484
2018-07-23 14:00,BUY,8.838275398789749
2018-07-27 13:00,SELL,11.43004325861914
2018-07-31 13:00,BUY,9.027554798957349
2018-08-02 01:00,SELL,8.81308657931147
2018-08-02 13:00,BUY,12.864300328607476
2018-08-09 17:00,SELL,6.345722444083664
2018-08-14 13:00,BUY,10.577096943413204
2018-08-15 09:00,SELL,8.980687126417573
2018-08-16 05:00,BUY,11.096231557584588
2018-08-21 21:00,SELL,9.423247134969374
2018-08-24 05:00,BUY,6.1047506458011025
2018-08-30 17:00,SELL,8.477401765238419
2018-09-02 22:00,BUY,8.77811264667737
2018-09-04 09:00,SELL,8.058434279456296
2018-09-10 06:00,BUY,9.817063844327606
2018-09-11 09:00,SELL,7.411980467525997
2018-09-11 13:00,BUY,11.069584374020764
2018-09-17 14:00,SELL,7.010671733294715
2018-09-18 13:00,BUY,10.632672730852855
2018-09-24 14:00,SELL,7.088198352211064
2018-09-26 13:00,BUY,5.725837663870641
2018-09-26 17:00,SELL,10.160670131096532
2018-09-27 13:00,BUY,9.99143238855778
2018-09-28 09:00,SELL,9.010216565082525
2018-09-28 17:00,BUY,9.782538601652801
2018-10-02 05:00,SELL,7.26317665238601
2018-10-03 01:00,BUY,8.637597725453794
2018-10-03 17:00,SELL,9.868840028345904
2018-10-16 09:00,BUY,16.768186650370737
2018-10-18 13:00,SELL,18.707360861672456
2018-10-29 10:00,BUY,25.673806454899832
2018-10-29 18:00,SELL,37.26323613113585
2018-10-30 17:00,BUY,32.48099297236049
2018-11-02 13:00,SELL,25.1833470132635
2018-11-05 19:00,BUY,15.876457695555853
2018-11-09 14:00,SELL,14.560347998242994
2018-11-15 18:00,BUY,29.0046863532758
2018-11-19 15:00,SELL,22.130560055097256
2018-11-26 03:00,BUY,12.311121642431619
2018-12-04 14:00,SELL,25.68426557630609
2018-12-11 10:00,BUY,24.085358055711684
2018-12-13 14:00,SELL,20.741151311423096
2018-12-27 18:00,BUY,52.780771289950245
2019-01-02 02:00,SELL,23.697374093729657
2019-01-04 14:00,BUY,30.385003489103447
2019-01-13 23:00,SELL,15.365099087037365
2019-01-14 22:00,BUY,13.461513335072322
2019-01-15 10:00,SELL,12.24829482755703
2019-01-15 14:00,BUY,16.118635862045608
2019-01-22 14:00,SELL,11.962706846782297
2019-01-25 02:00,BUY,13.488982552862382
2019-01-28 11:00,SELL,13.722902939095992
2019-01-29 10:00,BUY,11.416179868066466
2019-01-30 02:00,SELL,12.227907273960012
2019-01-30 06:00,BUY,12.142325819167956
2019-02-07 10:00,SELL,9.168229857158687
2019-02-11 07:00,BUY,12.460445562118206
2019-02-14 22:00,SELL,13.632786398218418
2019-02-15 14:00,BUY,14.731029308710326
2019-02-21 18:00,SELL,12.13093797589578
2019-02-22 14:00,BUY,10.532505755941546
2019-02-25 22:00,SELL,9.944507128886784
2019-02-27 18:00,BUY,9.81070436615624
2019-02-28 02:00,SELL,9.038850794339957
2019-02-28 14:00,BUY,8.74869160670216
2019-02-28 18:00,SELL,9.238953285361783
2019-02-28 22:00,BUY,9.891162628289425
2019-03-04 15:00,SELL,17.075231850918087
2019-03-11 10:00,BUY,12.083252586185452
2019-03-19 21:00,SELL,10.87156974795076
2019-03-21 13:00,BUY,17.998195908610725
2019-03-22 13:00,SELL,19.697421468266903
2019-03-26 17:00,BUY,15.21746351936687
2019-03-27 13:00,SELL,17.501178446026163
2019-03-28 13:00,BUY,15.645601722555192
2019-04-09 13:00,SELL,6.952630220703586
2019-04-10 17:00,BUY,7.178243757260844
2019-04-11 13:00,SELL,7.938022914379227
2019-04-12 05:00,BUY,7.736534185729811
2019-04-17 13:00,SELL,9.476417317362657
2019-04-22 14:00,BUY,7.800426899208374
2019-04-25 17:00,SELL,10.157157893647867
2019-04-26 13:00,BUY,10.383593498590525
2019-05-01 17:00,SELL,14.514150835756078
2019-05-03 13:00,BUY,11.852028952719659
2019-05-05 22:00,SELL,21.573298529740647
2019-05-07 05:00,BUY,16.82421271665947
2019-05-07 13:00,SELL,19.015496138662037
2019-05-10 17:00,BUY,29.069826311852253
2019-05-13 06:00,SELL,23.326151071668313
2019-05-15 01:00,BUY,16.093880341391472
2019-05-20 10:00,SELL,19.10482751638333
2019-05-21 09:00,BUY,12.903140704454728
2019-05-22 09:00,SELL,11.527127316828611
2019-05-27 21:00,BUY,7.8489229372404425
2019-05-28 17:00,SELL,15.068991068074926
2019-06-04 09:00,BUY,14.557592152278191
2019-06-12 05:00,SELL,10.348957040692545
2019-06-13 13:00,BUY,12.205218172464209
2019-06-14 05:00,SELL,10.53029736344126
2019-06-16 22:00,BUY,10.617529800065457
2019-06-25 01:00,SELL,9.376237226479827
2019-06-28 05:00,BUY,8.962322133201377
2019-07-05 09:00,SELL,7.145380148857955
2019-07-09 21:00,BUY,9.042007462081555
2019-07-16 13:00,SELL,7.1303308281811715
2019-07-18 17:00,BUY,12.429145140693715
2019-07-19 17:00,SELL,15.234558623761956
2019-07-22 18:00,BUY,10.547740935867434
2019-07-25 13:00,SELL,10.853549320022317
2019-07-26 13:00,BUY,8.634543232947976
2019-07-30 05:00,SELL,6.876508078595207
2019-07-31 01:00,BUY,7.7062861671941
2019-07-31 13:00,SELL,7.360018517603382
2019-08-01 13:00,BUY,17.807867894278637
2019-08-01 17:00,SELL,27.44629431542291
2019-08-07 05:00,BUY,24.958159078368737
2019-08-12 10:00,SELL,17.95288496314809
2019-08-13 13:00,BUY,26.55700310062357
2019-08-14 09:00,SELL,21.74018277601229
2019-08-16 13:00,BUY,20.234042644357537
2019-08-20 17:00,SELL,15.46375556668658
2019-08-21 09:00,BUY,12.020354280114798
2019-08-22 13:00,SELL,17.436213561925108
2019-08-23 05:00,BUY,12.229553074964471
2019-08-23 09:00,SELL,16.38364245997158
2019-08-27 09:00,BUY,20.030375757487
2019-08-28 09:00,SELL,17.832711622570706
2019-08-28 13:00,BUY,21.446169298056585
2019-09-02 14:00,SELL,18.060701197528306
2019-09-04 01:00,BUY,15.799357475023985
2019-09-10 01:00,SELL,9.465721821718516
2019-09-11 09:00,BUY,10.797693555988838
2019-09-15 22:00,SELL,12.617156321348855
2019-09-17 17:00,BUY,9.382209638958233
2019-09-18 13:00,SELL,6.708858454493823
2019-09-18 17:00,BUY,11.88708676359504
2019-09-19 01:00,SELL,10.88373552870083
2019-09-19 09:00,BUY,12.249590738368493
2019-09-20 17:00,SELL,12.361749705292102
2019-09-23 21:00,BUY,12.374763611795291
2019-09-24 13:00,SELL,17.225663175391446
2019-09-26 05:00,BUY,13.994511277035597
2019-09-26 21:00,SELL,14.442551819073678
2019-09-27 05:00,BUY,12.899233164207141
2019-09-27 13:00,SELL,15.663509225092564
2019-09-30 14:00,BUY,12.746702962302699
2019-10-01 13:00,SELL,16.6914877013499
2019-10-04 09:00,BUY,16.892094280073884
2019-10-08 09:00,SELL,17.27642445631146
2019-10-10 13:00,BUY,22.702369654820775
2019-10-18 13:00,SELL,11.66786769316131
2019-10-21 14:00,BUY,9.970975108555956
2019-10-22 17:00,SELL,11.660278479085889
2019-10-23 17:00,BUY,11.491065641621514
2019-10-24 17:00,SELL,10.065024311557181
2019-10-25 13:00,BUY,11.38447516641104
2019-10-31 13:00,SELL,13.173454804327555
2019-11-01 09:00,BUY,10.446565670282137
2019-11-06 14:00,SELL,8.546104430537078
2019-11-07 06:00,BUY,10.123684374748025
2019-11-11 03:00,SELL,9.148583400811406
2019-11-12 02:00,BUY,7.838412647022278
2019-11-12 22:00,SELL,9.455083056176232
2019-11-13 14:00,BUY,10.366402019809733
2019-11-19 22:00,SELL,8.990090512416016
2019-11-22 18:00,BUY,9.438766306798758
2019-11-29 14:00,SELL,6.446419428527507
2019-12-02 07:00,BUY,6.360133397924845
2019-12-02 11:00,SELL,10.12810671833984
2019-12-05 06:00,BUY,10.38305152039081
2019-12-10 06:00,SELL,9.270429316852589
2019-12-11 10:00,BUY,10.658991538269555
2019-12-11 14:00,SELL,10.407193230615663
2019-12-11 18:00,BUY,10.545754584492514
2019-12-19 10:00,SELL,5.666235497230998
2019-12-19 18:00,BUY,7.366390718227893
2019-12-30 11:00,SELL,8.96455975734668
2019-12-31 18:00,BUY,10.945524705939102
2020-01-03 02:00,SELL,14.350439954248763
2020-01-06 15:00,BUY,15.797951657659793
2020-01-07 18:00,SELL,13.122534911476395
2020-01-08 10:00,BUY,19.13963029974073
2020-01-15 10:00,SELL,9.782924011451973
2020-01-15 18:00,BUY,12.285071367329332
2020-01-20 22:00,SELL,7.370079840584189
2020-01-21 22:00,BUY,9.57766700972998
2020-01-22 18:00,SELL,10.824553925748381
2020-01-23 22:00,BUY,10.928660371449043
2020-01-24 14:00,SELL,14.755099288145576
2020-01-28 18:00,BUY,18.919229594365785
2020-01-29 22:00,SELL,16.706926818228276
2020-01-30 18:00,BUY,24.17289377979713
2020-01-31 14:00,SELL,24.97342183376383
2020-02-04 02:00,BUY,19.679722134113327
2020-02-07 18:00,SELL,14.570227881319067
2020-02-10 19:00,BUY,15.67051861772047
2020-02-13 06:00,SELL,11.551650105357705
2020-02-13 22:00,BUY,13.174435883154512
2020-02-17 22:00,SELL,9.336346376651974
2020-02-19 02:00,BUY,9.81377918764883
2020-02-20 10:00,SELL,10.586299732074778
2020-03-02 15:00,BUY,77.05032166698086
2020-03-03 18:00,SELL,71.2439202584553
2020-03-04 06:00,BUY,53.45608717232917
2020-03-05 14:00,SELL,43.129936458049926
2020-03-20 05:00,BUY,95.55011432271625
2020-03-20 17:00,SELL,104.3896585332308
2020-03-24 09:00,BUY,70.07433387342603
2020-03-31 17:00,SELL,48.99916847761968
2020-04-05 22:00,BUY,54.209204768767314
2020-04-15 09:00,SELL,33.22920891224816
2020-04-16 17:00,BUY,39.81626965829918
2020-04-20 18:00,SELL,34.804343541233855
2020-04-23 09:00,BUY,26.50353085377569
2020-04-23 21:00,SELL,31.127407797133053
2020-04-24 09:00,BUY,29.07483279213213
2020-04-30 13:00,SELL,33.10170606481385
2020-05-05 09:00,BUY,25.5471379722269
2020-05-06 17:00,SELL,29.51345621541851
2020-05-07 05:00,BUY,26.226889582294284
2020-05-12 17:00,SELL,36.642252938601885
2020-05-15 05:00,BUY,29.739731589033592
2020-05-21 13:00,SELL,23.42766448334308
2020-05-22 17:00,BUY,21.624594622657202
2020-05-28 21:00,SELL,29.27448934256055
2020-05-29 17:00,BUY,33.778616667770315
2020-06-01 06:00,SELL,32.80505173389842
2020-06-01 14:00,BUY,28.687233109695093
2020-06-10 13:00,SELL,22.9366003087738
2020-06-15 18:00,BUY,49.53692521203071
2020-06-18 09:00,SELL,37.04855430790558
2020-06-19 05:00,BUY,25.688582275614504
2020-06-19 17:00,SELL,36.10535412511473
2020-06-22 14:00,BUY,31.289338439717653
2020-06-24 05:00,SELL,28.956289366401553
2020-06-29 18:00,BUY,31.8535894335378
2020-07-07 17:00,SELL,22.832865171742533
2020-07-08 17:00,BUY,25.13082980758137
2020-07-09 13:00,SELL,26.686646311348255
2020-07-10 13:00,BUY,25.41057301064208
2020-07-13 18:00,SELL,34.06196132104147
2020-07-14 17:00,BUY,33.83654358854314
2020-07-19 22:00,SELL,19.32318966312687
2020-07-20 14:00,BUY,20.3861384860167
2020-07-23 13:00,SELL,18.71189690058812
2020-07-27 21:00,BUY,16.24256006713079
2020-07-28 17:00,SELL,19.155834082797384
2020-07-29 13:00,BUY,16.99215171225108
2020-07-30 05:00,SELL,17.592785341337994
2020-07-30 17:00,BUY,26.136306094765008
2020-07-31 13:00,SELL,25.243000781132636
2020-07-31 17:00,BUY,31.19440062490611
2020-08-11 17:00,SELL,22.68036780459667
2020-08-12 13:00,BUY,20.513470922210168
2020-08-14 05:00,SELL,16.544049109578346
2020-08-17 06:00,BUY,13.082542409781377
2020-08-19 17:00,SELL,13.55300441242786
2020-08-20 17:00,BUY,16.42034598869152
2020-08-21 09:00,SELL,16.458253716968137
2020-08-21 13:00,BUY,17.96660297357451
2020-09-03 13:00,SELL,36.31654882893597
2020-09-09 13:00,BUY,37.18286170630297
2020-09-10 17:00,SELL,41.35134599930965
2020-09-13 22:00,BUY,31.5675667565144
2020-09-16 21:00,SELL,23.49588393708482
2020-09-23 01:00,BUY,23.652861204993215
2020-09-23 17:00,SELL,33.729971949565225
2020-09-25 17:00,BUY,34.377225532095736
2020-09-30 05:00,SELL,26.968590085580054
2020-09-30 13:00,BUY,32.81589765477123
2020-10-02 01:00,SELL,27.102805439903868
2020-10-04 22:00,BUY,30.33291928654772
2020-10-06 17:00,SELL,33.66441744783866
2020-10-07 13:00,BUY,24.631988309307914
2020-10-14 13:00,SELL,25.582129018794866
2020-10-16 09:00,BUY,19.625496462787563
2020-10-19 14:00,SELL,21.70819371579281
2020-10-22 17:00,BUY,23.174606818880605
2020-10-25 22:00,SELL,22.678154983943006
2020-11-02 07:00,BUY,41.09980485291284
2020-11-12 02:00,SELL,23.970777456705815
2020-11-13 14:00,BUY,23.47910225183265
2020-11-18 18:00,SELL,25.466368860633764
2020-11-23 07:00,BUY,17.170385685855337
2020-11-26 18:00,SELL,10.889777341398181
2020-11-30 22:00,BUY,22.98658191310681
2020-12-08 06:00,SELL,12.12949540770296
2020-12-08 14:00,BUY,16.082877060929878
2020-12-09 14:00,SELL,15.097565724260367
2020-12-14 07:00,BUY,17.39442447180104
2020-12-14 19:00,SELL,21.405945329562087
2020-12-15 10:00,BUY,16.457315206988632
2020-12-18 14:00,SELL,16.82103077493523
2020-12-23 06:00,BUY,24.45365611835586
2020-12-30 18:00,SELL,10.863071257938882
2020-12-31 18:00,BUY,14.609192951841147
2021-01-04 15:00,SELL,33.02973234645938
2021-01-06 14:00,BUY,38.053886202260394
2021-01-12 10:00,SELL,17.30736567052456
2021-01-13 14:00,BUY,17.771492853067322
2021-01-14 18:00,SELL,15.202577137979656
2021-01-19 02:00,BUY,14.846315782063995
2021-01-22 06:00,SELL,14.162593284065307
2021-01-24 23:00,BUY,16.6665982091531
2021-01-25 15:00,SELL,24.39623862646915
2021-01-26 10:00,BUY,21.340431473121455
2021-01-27 06:00,SELL,15.205056585112457
2021-01-28 14:00,BUY,42.75979824220655
2021-01-29 02:00,SELL,40.084216700009755
2021-02-01 15:00,BUY,41.41979730053502
2021-02-10 14:00,SELL,17.859018716015008
2021-02-12 18:00,BUY,17.97181308205998
2021-02-16 18:00,SELL,13.467350011849488
2021-02-19 10:00,BUY,18.943795249047696
2021-02-19 18:00,SELL,19.508028959390543
2021-02-24 14:00,BUY,38.50572131088388
2021-02-25 14:00,SELL,38.029826207320326
2021-03-01 11:00,BUY,34.17724220786001
2021-03-03 10:00,SELL,25.453559735523797
2021-03-05 18:00,BUY,53.6612975801349
2021-03-17 09:00,SELL,13.695353728729096
2021-03-17 21:00,BUY,19.431221109109295
2021-03-18 05:00,SELL,21.407981509830012
2021-03-22 14:00,BUY,20.488816579613573
2021-03-23 17:00,SELL,22.5358357867569
2021-03-24 13:00,BUY,18.384094670604547
2021-03-24 17:00,SELL,22.867275736483585
2021-03-26 01:00,BUY,22.966963667625475
2021-04-19 14:00,SELL,13.77313072809283
2021-04-21 17:00,BUY,19.489279445881746
2021-04-22 17:00,SELL,22.47690807106123
2021-04-23 13:00,BUY,21.16312123672528
2021-04-29 13:00,SELL,16.647356300677725
2021-05-03 10:00,BUY,14.08195198610159
2021-05-03 18:00,SELL,14.676449271105032
2021-05-06 13:00,BUY,20.722509712302685
2021-05-10 18:00,SELL,21.122926683030926
2021-05-13 21:00,BUY,34.02168108397721
2021-05-18 17:00,SELL,21.490652656712015
2021-05-20 13:00,BUY,30.075583072269538
2021-05-26 21:00,SELL,11.990038557351058
2021-05-27 13:00,BUY,12.90023979309118
2021-05-31 06:00,SELL,9.294025445507067
2021-06-01 05:00,BUY,10.842906257983886
2021-06-01 17:00,SELL,14.380368004087812
2021-06-02 21:00,BUY,11.763886712050976
2021-06-03 05:00,SELL,10.900887495712778
2021-06-04 09:00,BUY,17.742610441340858
2021-06-09 17:00,SELL,11.647188767680069
2021-06-10 13:00,BUY,15.946342815393288
2021-06-15 13:00,SELL,11.63929333831847
2021-06-21 14:00,BUY,25.38421773655654
2021-06-30 05:00,SELL,8.567259100407078
2021-06-30 17:00,BUY,11.066436659408259
2021-07-06 13:00,SELL,13.412977712261897
2021-07-07 13:00,BUY,14.940432429403089
2021-07-08 05:00,SELL,17.75192112308367
2021-07-09 09:00,BUY,20.0954620887116
2021-07-14 01:00,SELL,14.467727363604611
2021-07-16 09:00,BUY,14.00586482798328
2021-07-16 13:00,SELL,17.904691862386624
2021-07-20 13:00,BUY,31.86725528735205
2021-07-27 13:00,SELL,18.944546100292705
2021-07-29 09:00,BUY,14.24464159511865
2021-07-29 21:00,SELL,19.414056496700574
2021-07-30 17:00,BUY,17.330462032838824
2021-08-02 14:00,SELL,17.07516579892053
2021-08-03 13:00,BUY,17.961675463192012
2021-08-04 13:00,SELL,13.623444652622954
2021-08-05 13:00,BUY,10.864949075017128
2021-08-11 05:00,SELL,7.980784629971341
2021-08-11 09:00,BUY,9.864627703977183
2021-08-16 10:00,SELL,10.161813521974231
2021-08-16 18:00,BUY,14.407560654063415
2021-08-17 09:00,SELL,12.093816843904381
2021-08-20 13:00,BUY,28.039225569110428
2021-08-26 13:00,SELL,12.388906206398303
2021-08-27 13:00,BUY,15.454352628570208
2021-09-01 17:00,SELL,11.321677791115164
2021-09-02 13:00,BUY,10.016319378592756
2021-09-03 13:00,SELL,13.662223627181774
2021-09-06 06:00,BUY,11.13748679769365
2021-09-07 09:00,SELL,8.027650939094457
2021-09-10 05:00,BUY,15.538473694488468
2021-09-10 17:00,SELL,23.196498531577987
2021-09-15 13:00,BUY,21.049525815423966
2021-09-16 13:00,SELL,19.806115695358507
2021-09-17 01:00,BUY,18.328731236023565
2021-09-17 13:00,SELL,21.72191039284406
2021-09-22 13:00,BUY,29.93725042553512
2021-09-27 21:00,SELL,18.214475789756232
2021-10-01 17:00,BUY,39.24856096424668
2021-10-04 14:00,SELL,37.85143245676426
2021-10-05 13:00,BUY,32.274269909945914
2021-10-06 05:00,SELL,29.24434095511384
2021-10-06 17:00,BUY,37.067502569018366
2021-10-11 14:00,SELL,29.631185722123497
2021-10-13 21:00,BUY,23.51613860550063
2021-10-27 17:00,SELL,17.52777967347799
2021-10-28 13:00,BUY,16.010094843405046
2021-10-29 09:00,SELL,13.108971878286978
2021-10-29 13:00,BUY,17.94717750262962
2021-11-09 14:00,SELL,16.529524846828124
2021-11-12 14:00,BUY,15.626105140043336
2021-11-17 18:00,SELL,12.061427341561277
2021-11-18 06:00,BUY,10.61625079887934
2021-11-19 10:00,SELL,15.930811559537087
2021-11-22 07:00,BUY,13.002960331829145
2021-11-22 19:00,SELL,28.344715689896447
2021-11-24 14:00,BUY,24.14697742944249
2021-11-25 22:00,SELL,18.76909924101108
2021-11-29 15:00,BUY,33.68425772090825
2021-11-30 02:00,SELL,33.39113995310499
2021-12-01 06:00,BUY,32.97144879349348
2021-12-01 18:00,SELL,49.26138178226856
2021-12-03 10:00,BUY,36.64875096716545
2021-12-03 14:00,SELL,49.51900077373236
2021-12-06 11:00,BUY,38.576306173536736
2021-12-09 18:00,SELL,20.46956564968061
2021-12-10 18:00,BUY,22.696066617670038
2021-12-13 11:00,SELL,22.52270888659765
2021-12-15 18:00,BUY,38.640663389409795
2021-12-17 02:00,SELL,29.582997800674278
2021-12-21 14:00,BUY,33.715717428706824
2021-12-30 18:00,SELL,15.079684671371428
2022-01-03 07:00,BUY,15.702510775547841
2022-01-03 11:00,SELL,21.32200862043831
2022-01-03 19:00,BUY,19.970085517080715
2022-01-04 14:00,SELL,18.186773622237137
2022-01-11 06:00,BUY,30.16523525828401
2022-01-13 14:00,SELL,27.525394999378403
2022-01-26 06:00,BUY,61.94006946474173
2022-01-26 22:00,SELL,74.86409245275814
2022-01-27 10:00,BUY,67.03521533581213
2022-01-28 10:00,SELL,51.956175488991235
2022-01-28 14:00,BUY,60.964940391193
2022-02-03 10:00,SELL,25.331649754545396
2022-02-08 14:00,BUY,33.28635293491657
2022-02-10 18:00,SELL,41.74003572839662
2022-02-15 18:00,BUY,36.315660537308474
2022-02-17 14:00,SELL,34.11823618363964
2022-02-24 18:00,BUY,75.1114513471244
2022-03-01 18:00,SELL,53.05811984793734
2022-03-02 14:00,BUY,49.007556711772054
2022-03-03 22:00,SELL,53.88785878185641
2022-03-09 14:00,BUY,56.78009445860961
2022-03-10 10:00,SELL,37.25315735219709
2022-03-10 18:00,BUY,42.25402070540611
2022-03-11 18:00,SELL,49.14315960379792
2022-03-15 13:00,BUY,46.40164399306433
2022-03-23 17:00,SELL,25.4520202757477
2022-03-24 17:00,BUY,26.847857603165913
2022-03-31 13:00,SELL,19.417264682759065
2022-04-04 14:00,BUY,22.8655037948388
2022-04-05 13:00,SELL,22.742515426794284
2022-04-08 05:00,BUY,27.65826474453788
2022-04-10 22:00,SELL,30.699225239362754
2022-04-13 17:00,BUY,32.50108371582275
2022-04-14 13:00,SELL,28.279043112000675
2022-04-19 13:00,BUY,35.485633227421005
2022-04-21 13:00,SELL,31.3333650520195
2022-04-28 05:00,BUY,40.210972251643184
2022-04-29 13:00,SELL,43.575965382358305
2022-05-04 05:00,BUY,29.684194820072847
2022-05-05 13:00,SELL,57.46261604282441
2022-05-13 05:00,BUY,44.71665469653766
2022-05-18 13:00,SELL,43.20432169480762
2022-05-23 14:00,BUY,52.00887480833895
2022-05-24 05:00,SELL,38.18011512149574
2022-05-24 17:00,BUY,46.457018942205835
2022-05-25 09:00,SELL,36.03263495872752
2022-05-25 13:00,BUY,39.986107966982054
2022-06-01 05:00,SELL,29.329100101498753
2022-06-02 13:00,BUY,38.56764826688461
2022-06-03 09:00,SELL,28.696630984092863
2022-06-06 10:00,BUY,25.613964832694208
2022-06-06 18:00,SELL,32.0729374929244
2022-06-07 17:00,BUY,35.76378572614513
2022-06-08 17:00,SELL,27.237713045394422
2022-06-15 17:00,BUY,51.698539226863296
2022-06-16 13:00,SELL,53.46515333385853
2022-06-20 21:00,BUY,27.301856928007126
2022-06-22 05:00,SELL,30.91188094882269
2022-06-22 13:00,BUY,41.499603807246494
2022-06-28 13:00,SELL,42.535250282006004
2022-07-01 17:00,BUY,44.83241101904598
2022-07-05 09:00,SELL,31.822558747738555
2022-07-05 17:00,BUY,40.67843759855266
2022-07-11 10:00,SELL,27.062947865960922
2022-07-15 09:00,BUY,34.72107810981066
2022-07-22 17:00,SELL,26.84758181102221
2022-07-27 05:00,BUY,19.21584906907023
2022-08-02 17:00,SELL,33.25778736971678
2022-08-03 13:00,BUY,28.784311765308694
2022-08-05 09:00,SELL,24.410229898741328
2022-08-08 06:00,BUY,21.578136133219544
2022-08-08 18:00,SELL,27.93600570020842
2022-08-10 09:00,BUY,29.011431230781678
2022-08-17 09:00,SELL,21.098984154680885
2022-08-25 01:00,BUY,17.79769104394103
2022-08-26 13:00,SELL,39.161000253963664
2022-09-02 09:00,BUY,28.861441481280075
2022-09-05 02:00,SELL,31.704366430732335
2022-09-05 21:00,BUY,23.871868490028007
2022-09-06 17:00,SELL,30.7978218668124
2022-09-07 13:00,BUY,31.93663026931712
2022-09-13 09:00,SELL,42.875176980783976
2022-09-19 18:00,BUY,34.19101988468124
2022-09-20 13:00,SELL,28.23385739581235
2022-09-21 09:00,BUY,24.65477439145979
2022-09-21 17:00,SELL,45.33105561053428
2022-09-28 13:00,BUY,49.775768132650896
2022-09-29 13:00,SELL,44.2543901613656
2022-09-30 05:00,BUY,38.1278782100954
2022-09-30 13:00,SELL,44.169842054461036
2022-10-03 14:00,BUY,43.249847875524694
2022-10-06 17:00,SELL,35.50259920942991
2022-10-13 13:00,BUY,72.18330199566435
2022-10-14 13:00,SELL,69.34873631835146
2022-10-17 10:00,BUY,46.24211391679746
2022-10-19 13:00,SELL,43.20602549716162
2022-10-21 13:00,BUY,40.87129611168717
2022-10-27 17:00,SELL,42.88765898849799
2022-10-28 13:00,BUY,44.91218009735101
2022-11-01 17:00,SELL,30.17672423104236
2022-11-07 07:00,BUY,39.267424589937626
2022-11-09 14:00,SELL,31.01774014066623
2022-11-10 10:00,BUY,44.25045308929347
2022-11-15 22:00,SELL,31.6002725544081
2022-11-18 10:00,BUY,26.79345060424141
2022-11-20 23:00,SELL,31.183046709371606
2022-11-21 22:00,BUY,20.053475796581488
2022-11-22 02:00,SELL,17.982780637265154
2022-11-22 06:00,BUY,19.24622450981216
2022-11-27 23:00,SELL,13.313535797067878
2022-11-30 18:00,BUY,43.47875712168356
2022-12-05 11:00,SELL,24.756111106012874
2022-12-08 18:00,BUY,25.76868201163375
2022-12-09 18:00,SELL,30.02419337725763
2022-12-12 11:00,BUY,22.897109607324715
2022-12-15 06:00,SELL,37.146446248499366
2022-12-20 22:00,BUY,27.98215892337275
2022-12-22 14:00,SELL,31.719233881624056
2022-12-26 22:00,BUY,30.27775849386528
2022-12-27 14:00,SELL,26.880969879087246
2022-12-29 14:00,BUY,27.01306783519109
2023-01-03 14:00,SELL,42.66486044751315
2023-01-04 10:00,BUY,25.997061471441118
2023-01-05 10:00,SELL,27.315428082369518
2023-01-06 10:00,BUY,28.66604757922469
2023-01-13 10:00,SELL,25.140630894475706
2023-01-15 23:00,BUY,26.00160301797163
2023-01-17 22:00,SELL,16.161124123539174
2023-01-18 10:00,BUY,18.582495551252006
2023-01-18 14:00,SELL,28.70599644100157
2023-01-20 18:00,BUY,27.892812240194438
2023-01-25 10:00,SELL,19.79974100095543
2023-01-25 22:00,BUY,24.203867392489176
2023-01-30 15:00,SELL,24.403396747459134
2023-01-31 14:00,BUY,25.62120403696599
2023-02-06 03:00,SELL,25.60736762550828
2023-02-07 14:00,BUY,29.740489205156464
2023-02-08 14:00,SELL,28.902646002196537
2023-02-09 06:00,BUY,23.48012380249974
2023-02-09 14:00,SELL,27.627279233599765
2023-02-13 11:00,BUY,20.37596482557134
2023-02-16 10:00,SELL,24.590473500926592
2023-02-27 11:00,BUY,21.88157396962642
2023-02-28 18:00,SELL,24.47076385708402
2023-03-02 18:00,BUY,26.508271710680248
2023-03-07 14:00,SELL,20.450492475254883
2023-03-14 13:00,BUY,39.48251305483758
2023-03-15 09:00,SELL,39.111613877809134
2023-03-15 21:00,BUY,39.16514630543826
2023-03-17 17:00,SELL,35.297131536578235
2023-03-20 14:00,BUY,34.32574806190597
2023-03-22 17:00,SELL,36.472772082142995
2023-03-24 17:00,BUY,36.50325556158825
2023-03-28 13:00,SELL,17.675477510450886
2023-03-29 01:00,BUY,15.245044485350856
2023-04-05 05:00,SELL,14.889794477206664
2023-04-06 17:00,BUY,16.27068312751755
2023-04-10 10:00,SELL,15.093398659983425
2023-04-10 18:00,BUY,17.863775142389372
2023-04-12 17:00,SELL,25.489469551162358
2023-04-13 13:00,BUY,20.331013382524926
2023-04-14 13:00,SELL,21.728437172148553
2023-04-14 17:00,BUY,24.74274973771888
2023-04-17 14:00,SELL,15.97858423405586
2023-04-18 05:00,BUY,14.159868102269193
2023-04-19 05:00,SELL,13.093300463801345
2023-04-24 10:00,BUY,14.643383943983807
2023-04-25 01:00,SELL,13.068330063455763
2023-04-27 13:00,BUY,18.289017280062218
2023-05-02 13:00,SELL,24.405874088259086
2023-05-05 13:00,BUY,22.909045642508865
2023-05-10 05:00,SELL,12.191482308641646
2023-05-10 09:00,BUY,18.273185846913208
2023-05-10 13:00,SELL,23.858548677530532
2023-05-10 17:00,BUY,28.946838942024463
2023-05-11 13:00,SELL,21.405844184522504
2023-05-12 05:00,BUY,15.66991377798033
2023-05-12 13:00,SELL,20.228744817907376
2023-05-15 06:00,BUY,16.342653877414737
2023-05-15 10:00,SELL,18.334123101931826
2023-05-15 18:00,BUY,18.829838785236394
2023-05-16 09:00,SELL,14.07510196643277
2023-05-17 09:00,BUY,12.333594729888727
2023-05-23 05:00,SELL,15.098724563567506
2023-05-26 09:00,BUY,17.75607053290554
2023-05-31 01:00,SELL,13.765789544733263
2023-06-01 13:00,BUY,22.565182891220225
2023-06-07 13:00,SELL,15.766244463418326
2023-06-08 13:00,BUY,17.19124718861832
2023-06-19 21:00,SELL,10.459327588621576
2023-06-22 17:00,BUY,16.84916397543939
2023-06-23 05:00,SELL,15.83477195542493
2023-06-27 13:00,BUY,17.737541193270932
2023-07-05 05:00,SELL,6.375505142126146
2023-07-07 13:00,BUY,18.79866082042784
2023-07-09 22:00,SELL,22.27114292507382
2023-07-10 21:00,BUY,16.30751369095057
2023-07-20 17:00,SELL,15.340567625225631
2023-07-24 14:00,BUY,15.376043306040327
2023-07-27 17:00,SELL,27.19930737805842
2023-07-28 13:00,BUY,22.32633304164229
2023-08-01 09:00,SELL,14.535139745421173
2023-08-04 13:00,BUY,24.99394084948107
2023-08-04 17:00,SELL,32.975152679584966
2023-08-07 14:00,BUY,22.49134603004637
2023-08-08 09:00,SELL,18.063532267125723
2023-08-09 05:00,BUY,15.173298253291652
2023-08-09 13:00,SELL,21.190910882106657
2023-08-10 09:00,BUY,20.709085677848737
2023-08-10 13:00,SELL,27.84726854227892
2023-08-14 14:00,BUY,23.679470125235312
2023-08-15 09:00,SELL,21.234648770636966
2023-08-21 10:00,BUY,20.614291797883833
2023-08-24 13:00,SELL,26.669431020027815
2023-08-28 02:00,BUY,23.247684518560874
2023-09-04 14:00,SELL,11.684468937038224
2023-09-11 02:00,BUY,14.711114249311585
2023-09-12 17:00,SELL,15.739263880712906
2023-09-13 13:00,BUY,17.19446598843205
2023-09-15 13:00,SELL,18.26824548103214
2023-09-20 09:00,BUY,13.211788006965945
2023-09-20 17:00,SELL,22.303544324458237
2023-09-28 13:00,BUY,28.517100461327747
2023-10-02 06:00,SELL,25.015915697493785
2023-10-03 05:00,BUY,22.13062340460349
2023-10-03 09:00,SELL,25.704498723682793
2023-10-05 01:00,BUY,22.228538609017274
2023-10-06 09:00,SELL,27.678476816078238
2023-10-06 13:00,BUY,40.742781452862594
2023-10-12 17:00,SELL,25.297412181392374
2023-10-16 14:00,BUY,25.613633357865993
2023-10-17 09:00,SELL,17.949875378705638
2023-10-17 13:00,BUY,25.819900302964367
2023-10-18 09:00,SELL,19.662584931275383
2023-10-24 17:00,BUY,28.355960785697718
2023-10-25 13:00,SELL,23.846465230257234
2023-10-30 14:00,BUY,23.131642911038977
2023-11-09 18:00,SELL,20.964214571683506
2023-11-10 14:00,BUY,23.73371383084925
2023-11-26 23:00,SELL,6.9680215947433615
2023-11-28 22:00,BUY,12.17949792128093
2023-11-29 18:00,SELL,17.124417878845367
2023-11-30 22:00,BUY,15.46116816034546
2023-12-04 11:00,SELL,16.10761086270763
2023-12-05 22:00,BUY,15.059426581500743
2023-12-06 14:00,SELL,16.363061127782647
2023-12-07 14:00,BUY,15.162489496281472
2023-12-20 18:00,SELL,26.560544439057963
2023-12-21 18:00,BUY,26.25621056143251
2023-12-29 14:00,SELL,13.358041468301646
2024-01-08 11:00,BUY,20.18618218339283
2024-01-11 14:00,SELL,25.886607729483355
2024-01-15 03:00,BUY,17.092991793478458
2024-01-15 22:00,SELL,11.425031550887116
2024-01-18 18:00,BUY,22.75810793693195
2024-01-31 06:00,SELL,11.825283212448957
2024-02-01 18:00,BUY,30.707371234531365
2024-02-13 06:00,SELL,11.771749137641562
2024-02-14 18:00,BUY,24.998710172640305
2024-02-19 15:00,SELL,13.23417775001792
2024-02-21 18:00,BUY,23.576213718775907
2024-02-27 02:00,SELL,13.194811827619198
2024-02-29 10:00,BUY,19.25941307396621
2024-03-05 10:00,SELL,11.592161224868649
2024-03-06 14:00,BUY,19.855655289705542
2024-03-06 22:00,SELL,21.87961938541152
2024-03-07 10:00,BUY,22.080765125330714
2024-03-11 02:00,SELL,23.492967083218897
2024-03-12 01:00,BUY,17.707129163063374
2024-03-14 13:00,SELL,19.88837178257061
2024-03-18 10:00,BUY,20.19132040849672
2024-03-19 09:00,SELL,19.159625497165116
2024-03-19 13:00,BUY,23.387700397732132
2024-03-25 06:00,SELL,11.884181391862185
2024-03-27 09:00,BUY,10.454136567871792
2024-03-27 13:00,SELL,13.363309254297434
2024-03-27 17:00,BUY,18.39064740343795
2024-04-01 14:00,SELL,17.487970692440847
2024-04-04 01:00,BUY,17.527363307023947
2024-04-04 17:00,SELL,35.26128801055692
2024-04-05 13:00,BUY,32.87937885529924
2024-04-09 13:00,SELL,26.48636076442088
2024-04-09 17:00,BUY,30.92908861153667
2024-04-10 09:00,SELL,35.91751469528553
2024-04-11 17:00,BUY,33.73336254225985
2024-04-12 09:00,SELL,24.286465297309746
2024-04-15 10:00,BUY,22.823210358897978
2024-04-15 14:00,SELL,38.57856828711846
2024-04-22 14:00,BUY,33.56733902220658
2024-04-25 09:00,SELL,23.777089984352074
2024-04-25 17:00,BUY,37.549337589985264
2024-04-30 13:00,SELL,22.145448596113745
2024-05-02 17:00,BUY,32.19663032988113
2024-05-09 05:00,SELL,11.289096239115446
2024-05-09 13:00,BUY,16.117021593033964
2024-05-21 09:00,SELL,8.288628080438691
2024-05-21 21:00,BUY,10.326977577184556
2024-05-22 17:00,SELL,15.458824012491696
2024-05-23 01:00,BUY,17.14564736799466
2024-05-23 13:00,SELL,22.436971452413253
2024-05-27 14:00,BUY,13.114180093718243
2024-05-28 21:00,SELL,14.982985232952235
2024-05-31 17:00,BUY,41.06544206333015
2024-06-04 05:00,SELL,25.4418352866557
2024-06-04 17:00,BUY,27.1206196667676
2024-06-10 06:00,SELL,18.536786629515767
2024-06-10 18:00,BUY,18.958034754312
2024-06-11 09:00,SELL,13.333211035366132
2024-06-11 17:00,BUY,19.841255062634282
2024-06-17 10:00,SELL,13.829908726475827
2024-06-17 14:00,BUY,22.36392698118066
2024-06-20 13:00,SELL,16.76421592036685
2024-06-25 17:00,BUY,17.779098698914424
2024-06-26 21:00,SELL,18.528453799462447
2024-06-27 09:00,BUY,14.42416834532481
2024-06-28 17:00,SELL,25.0453235114988
2024-07-02 13:00,BUY,19.840575330008555
2024-07-11 13:00,SELL,24.11733078736037
2024-07-12 13:00,BUY,23.592472761921883
2024-07-17 05:00,SELL,20.79629211734268
2024-07-22 14:00,BUY,28.202023496913988
2024-07-24 01:00,SELL,22.519998385958406
2024-07-26 13:00,BUY,36.70755861771429
2024-07-30 13:00,SELL,34.80565033968464
2024-07-31 05:00,BUY,34.73319437913481
2024-08-01 13:00,SELL,49.357683012687104
2024-08-07 01:00,BUY,64.1044133758394
2024-08-07 17:00,SELL,63.712207718743755
2024-08-08 09:00,BUY,54.29732028159744
2024-08-22 13:00,SELL,24.314907384181446
2024-08-23 17:00,BUY,27.8779576650551
2024-08-26 14:00,SELL,24.153289167685063
2024-08-28 01:00,BUY,17.85925818141373
2024-08-28 13:00,SELL,22.163940188883842
2024-08-29 13:00,BUY,28.103142336874754
2024-08-30 13:00,SELL,27.873310144757745
2024-08-30 17:00,BUY,33.4986481158062
2024-09-03 09:00,SELL,17.92959502813986
2024-09-10 09:00,BUY,28.588486404572073
2024-09-18 17:00,SELL,30.218620761812005
2024-09-19 01:00,BUY,33.907917287559684
2024-09-27 17:00,SELL,20.824292638242866
2024-09-30 18:00,BUY,27.351475369359363
2024-10-01 13:00,SELL,31.193219449031886
2024-10-04 09:00,BUY,27.095987779726222
2024-10-07 18:00,SELL,27.304953741138103
2024-10-08 13:00,BUY,23.76114324189607
2024-10-15 17:00,SELL,20.8765121485926
2024-10-17 05:00,BUY,18.824033126748375
2024-10-17 21:00,SELL,21.799923968716342
2024-10-18 13:00,BUY,18.493248857586266
2024-10-21 21:00,SELL,19.322409618254763
2024-10-25 09:00,BUY,16.587286521652405
2024-10-29 01:00,SELL,16.464600274097
2024-10-29 13:00,BUY,20.571475340337678
2024-10-30 17:00,SELL,24.683615385293944
2024-11-05 14:00,BUY,27.749551479873922
2024-11-12 14:00,SELL,21.159618283263782
2024-11-13 14:00,BUY,26.233887775248014
2024-11-13 18:00,SELL,26.347110220198267
2024-11-19 14:00,BUY,39.10430949638147
2024-11-20 14:00,SELL,30.840572908619315
2024-11-20 18:00,BUY,34.112458326895414
2024-11-20 22:00,SELL,33.46996666151626
2024-11-21 10:00,BUY,35.50222293069624
2024-11-27 14:00,SELL,20.601339743171252
2024-11-29 14:00,BUY,16.756202805496226
2024-12-09 15:00,SELL,14.96025390569954
2024-12-11 14:00,BUY,16.117640334503083
2024-12-12 18:00,SELL,16.81316248627843
2024-12-13 06:00,BUY,14.37553919297456
2024-12-13 14:00,SELL,18.912345083503656
2024-12-16 11:00,BUY,14.82689323696249
2024-12-17 06:00,SELL,13.78993237588773
2024-12-18 06:00,BUY,13.63285523274471
2024-12-18 10:00,SELL,13.966284186195805
2024-12-18 14:00,BUY,17.073027348956643
2024-12-18 18:00,SELL,59.998421879165285
2024-12-20 14:00,BUY,63.705770286724544
2024-12-27 14:00,SELL,29.41618022254724
2025-01-03 14:00,BUY,32.70026359710876
2025-01-07 14:00,SELL,34.73579527915764
2025-01-14 06:00,BUY,27.82189303113045
2025-01-26 23:00,SELL,24.388065703999303
2025-01-28 14:00,BUY,40.720277471604426
2025-01-29 14:00,SELL,24.686672417516434
2025-01-29 22:00,BUY,29.159470347210554
2025-01-31 18:00,SELL,35.49960795371909
2025-02-04 14:00,BUY,42.101749795608995
2025-02-07 14:00,SELL,31.34339779187672
2025-02-10 15:00,BUY,24.419440470753777
2025-02-11 06:00,SELL,17.36060281682084
2025-02-11 18:00,BUY,21.16462864221226
2025-02-12 10:00,SELL,28.088231891850125
2025-02-12 22:00,BUY,27.65397472862717
2025-02-13 06:00,SELL,26.25854382632143
2025-02-13 10:00,BUY,25.64683506105711
2025-02-19 10:00,SELL,13.924429342112663
2025-02-27 06:00,BUY,27.706027964771906
2025-02-27 18:00,SELL,51.95028631796326
2025-02-28 18:00,BUY,56.49056465653618
2025-03-03 19:00,SELL,62.37634898132307
2025-03-14 13:00,BUY,40.71033116801347
2025-03-18 13:00,SELL,35.473069546034296
2025-03-19 13:00,BUY,30.41900114307567
2025-03-20 09:00,SELL,37.130994294562996
2025-03-23 22:00,BUY,38.49682015659732
2025-03-26 13:00,SELL,27.701232717825818
2025-04-01 13:00,BUY,49.637330556189426
2025-04-02 09:00,SELL,38.25716047665224
2025-04-02 13:00,BUY,53.505728381321795
2025-04-02 17:00,SELL,84.04458270505741
2025-04-09 17:00,BUY,205.71937425869052
2025-04-16 01:00,SELL,42.59943700006618
2025-04-22 13:00,BUY,53.63572996030472
2025-04-30 09:00,SELL,40.79054992572126
2025-04-30 17:00,BUY,62.76195195246167
2025-05-06 01:00,SELL,26.781281434602825
2025-05-07 21:00,BUY,41.417999569843914
2025-05-09 13:00,SELL,37.688319776455444
2025-05-11 22:00,BUY,44.4245246569315
2025-05-15 05:00,SELL,22.771043503557394
2025-05-16 05:00,BUY,23.91831642819649
2025-05-19 02:00,SELL,26.25204992719133
2025-05-19 14:00,BUY,34.40264956272191
2025-05-21 01:00,SELL,24.24679314788886
2025-05-26 02:00,BUY,41.20651141258008
2025-05-29 13:00,SELL,44.21170262824439
2025-06-02 18:00,BUY,39.17509494422496
2025-06-05 17:00,SELL,35.0926716178693
2025-06-06 09:00,BUY,27.67283829467944
2025-06-11 21:00,SELL,31.58781731079738
2025-06-12 17:00,BUY,27.469959976402098
2025-06-12 21:00,SELL,40.635967981121716
2025-06-13 13:00,BUY,40.843372485067576
2025-06-13 17:00,SELL,43.954697988053994
2025-06-16 10:00,BUY,35.47104429590701
2025-06-17 17:00,SELL,29.38229032698018
2025-06-20 09:00,BUY,30.01741333976021
2025-07-04 17:00,SELL,16.715368781002564
2025-07-09 09:00,BUY,16.549472381579005
2025-07-14 02:00,SELL,21.78175929568993
2025-07-14 14:00,BUY,23.158660759393186
2025-07-15 13:00,SELL,25.02631516611018
2025-07-16 17:00,BUY,28.07178685032389
2025-07-22 13:00,SELL,17.54051603971665
2025-07-23 01:00,BUY,17.706344212334802
2025-07-29 13:00,SELL,17.507603175440615
2025-07-30 17:00,BUY,25.09303770145815
2025-07-31 17:00,SELL,35.56623887521083
2025-08-04 18:00,BUY,31.952266671788234
2025-08-05 17:00,SELL,28.73322139440945
2025-08-06 05:00,BUY,23.869809353937697
2025-08-07 13:00,SELL,33.81495097809841
2025-08-08 13:00,BUY,25.29396090920246
2025-08-15 17:00,SELL,21.126625896277776
2025-08-22 13:00,BUY,36.06773364922269
2025-08-29 13:00,SELL,22.71107926599828
2025-09-03 17:00,BUY,28.238588501046
2025-09-17 13:00,SELL,15.44131269920786
2025-09-18 01:00,BUY,23.861152101994485
2025-09-23 17:00,SELL,18.825648294272696
2025-09-26 17:00,BUY,25.880197858392034
2025-10-01 05:00,SELL,22.923333526085703
2025-10-01 13:00,BUY,26.182933456694748
2025-10-07 13:00,SELL,24.459098660094092
2025-10-08 13:00,BUY,20.749098759151742
2025-10-09 13:00,SELL,20.145837345119062
2025-10-15 01:00,BUY,45.3712001521516
2025-10-16 13:00,SELL,43.87236955785499
2025-10-17 17:00,BUY,53.745653796299464
2025-10-22 13:00,SELL,31.977170556785655
2025-10-23 13:00,BUY,31.10140099843793
2025-10-30 09:00,SELL,33.11594846288668
2025-11-05 14:00,BUY,42.075264450259596
2025-11-06 14:00,SELL,44.4680693240486
2025-11-09 23:00,BUY,49.03738263352533
2025-11-13 10:00,SELL,26.13934884710664
2025-11-19 22:00,BUY,54.01155334717022
2025-11-20 14:00,SELL,75.91785225100095
2025-11-24 11:00,BUY,54.63154004106797
2025-12-01 03:00,SELL,20.55868636190686
2025-12-02 22:00,BUY,24.403287235430284
2025-12-08 15:00,SELL,23.063431621922987
2025-12-10 18:00,BUY,28.16040831081601
2025-12-11 02:00,SELL,32.34266131892225
2025-12-11 10:00,BUY,30.619303244110238
2025-12-12 14:00,SELL,41.357434423699004
2025-12-18 14:00,BUY,37.85155688745609
2025-12-29 11:00,SELL,14.867595614832759
2026-01-05 11:00,BUY,24.836109405723125
2026-01-08 02:00,SELL,20.182515684164596
2026-01-09 10:00,BUY,18.969685882566207
2026-01-12 03:00,SELL,24.113983337499032
2026-01-12 11:00,BUY,27.864949335999246
2026-01-14 02:00,SELL,20.748660819450542
2026-01-15 06:00,BUY,26.08754635348335
2026-01-16 14:00,SELL,23.273543520824184
2026-01-21 18:00,BUY,52.354287870410914
2026-01-29 14:00,SELL,43.38107933922434
2026-02-02 11:00,BUY,54.436837302207024
2026-02-03 14:00,SELL,42.30324406219981
2026-02-06 14:00,BUY,56.08284829265885
2026-02-11 18:00,SELL,36.16109411596794
2026-02-17 18:00,BUY,42.473049703951624
2026-02-19 14:00,SELL,33.20580639468504
2026-02-20 02:00,BUY,27.914172874078684
2026-02-20 10:00,SELL,29.24507063941047
2026-02-20 14:00,BUY,38.87605651152849
2026-02-23 15:00,SELL,43.51577775815839
2026-02-24 14:00,BUY,38.13605284463475
2026-02-26 14:00,SELL,36.992045634198675
2026-03-04 10:00,BUY,48.257598144791274
2026-03-05 14:00,SELL,53.693096806454534
2026-03-06 02:00,BUY,43.554065564904825
2026-03-06 06:00,SELL,45.303252451923896
2026-03-09 18:00,BUY,81.20080317990755
2026-03-11 21:00,SELL,49.24861578288445
2026-03-16 10:00,BUY,47.909972670394616
2026-03-18 09:00,SELL,36.097851164857545
2026-03-23 10:00,BUY,92.31315563618821
2026-03-26 05:00,SELL,41.87053132036066
2026-03-31 13:00,BUY,63.25574767343489
2026-04-21 13:00,SELL,30.013418648501744
2026-04-22 17:00,BUY,26.113530254554327
2026-04-23 01:00,SELL,33.440659362914836
2026-04-23 13:00,BUY,34.24241759381237
2026-04-23 17:00,SELL,45.01393407504979
2026-04-24 09:00,BUY,38.180267397140334
2026-04-28 09:00,SELL,27.629843004455203
2026-04-29 21:00,BUY,37.85857324265476
2026-04-30 01:00,SELL,41.28685859412381
2026-04-30 09:00,BUY,43.011589500239275
2026-05-12 13:00,SELL,29.412685906881812
2026-05-13 01:00,BUY,30.452095184323248
2026-05-15 05:00,SELL,33.6638578346719
2026-05-20 13:00,BUY,44.859319217675186
2026-05-27 13:00,SELL,24.925140939782874
2026-05-28 13:00,BUY,34.51902574651851
